channel,angle,window,exp_f1_left,exp_f2_left,exp_L1_left,exp_L2_left,exp_f1_right,exp_f2_right,exp_L1_right,exp_L2_right,act_f1_left,act_f2_left,act_L1_left,act_L2_left,act_f1_right,act_f2_right,act_L1_right,act_L2_right,abs_threshold,warning,error,GT_F_Left_MHz,GT_F_Right_MHz,ACT_F_Star_Left_MHz,ACT_F_Star_Right_MHz,BW_GT_MHz,BW_ACT_MHz,MaxAbs_GT_MHz,MaxAbs_ACT_MHz,M_GT,M_ACT
82,0,28,6,7,0,27,16,17,21,0,6,7,0,30,16,17,21,3,15,1,0,-2.3193359374999996,2.1972656249999996,-2.346571428571429,2.3083809523809524,4.516601562499999,4.654952380952381,2.3193359374999996,2.346571428571429,13.0,13.0
83,0,25,6,7,0,27,16,17,27,0,6,7,0,27,16,17,27,0,18,0,0,-2.3193359374999996,2.3193359374999996,-2.3083809523809524,2.3083809523809524,4.638671874999999,4.616761904761905,2.3193359374999996,2.3083809523809524,13.0,13.0
121,0,31,6,7,0,24,16,17,15,9,6,7,6,24,16,17,15,9,15,1,0,-2.3193359374999996,2.1972656249999996,-2.346571428571429,2.232,4.516601562499999,4.578571428571429,2.3193359374999996,2.346571428571429,13.0,13.0
33,0,34,6,7,6,33,16,17,18,0,6,7,6,33,16,17,18,0,18,0,0,-2.3193359374999996,2.1972656249999996,-2.3593015873015877,2.232,4.516601562499999,4.591301587301588,2.3193359374999996,2.3593015873015877,13.0,13.0
40,0,33,6,7,6,30,16,17,27,6,6,7,9,30,16,17,27,6,18,1,0,-2.3193359374999996,2.3193359374999996,-2.3629387755102043,2.3302040816326532,4.638671874999999,4.693142857142858,2.3193359374999996,2.3629387755102043,13.0,13.0
1,0,30,6,7,12,33,16,17,24,0,6,7,12,33,16,17,27,6,18,1,0,-2.3193359374999996,2.3193359374999996,-2.3956734693877553,2.3302040816326532,4.638671874999999,4.7258775510204085,2.3193359374999996,2.3956734693877553,13.0,13.0
83,0,33,6,7,0,27,16,17,15,0,6,7,0,24,16,17,15,3,15,1,0,-2.3193359374999996,2.3193359374999996,-2.317928571428572,2.232,4.638671874999999,4.5499285714285715,2.3193359374999996,2.317928571428572,13.0,13.0
59,0,35,6,7,9,33,16,17,27,0,6,7,9,33,16,17,27,0,18,0,0,-2.3193359374999996,2.3193359374999996,-2.3752142857142857,2.3083809523809524,4.638671874999999,4.683595238095238,2.3193359374999996,2.3752142857142857,13.0,13.0
47,0,34,6,7,6,24,16,17,15,0,6,7,9,27,16,17,18,0,15,1,0,-2.3193359374999996,2.1972656249999996,-2.384761904761905,2.2701904761904763,4.516601562499999,4.654952380952381,2.3193359374999996,2.384761904761905,13.0,13.0
60,0,26,6,7,0,27,16,17,27,0,6,7,6,27,16,17,27,0,15,1,0,-2.3193359374999996,2.3193359374999996,-2.3629387755102043,2.33384126984127,4.638671874999999,4.696780045351474,2.3193359374999996,2.3629387755102043,13.0,13.0
49,0,31,6,7,9,33,16,17,21,0,6,7,9,33,16,17,21,0,12,0,0,-2.3193359374999996,2.1972656249999996,-2.4325,2.3302040816326532,4.516601562499999,4.762704081632654,2.3193359374999996,2.4325,13.0,12.0
58,0,25,6,7,9,24,16,17,27,0,6,7,9,24,16,17,27,0,12,0,0,-2.1972656249999996,2.1972656249999996,-2.415314285714286,2.3593015873015877,4.394531249999999,4.774615873015874,2.1972656249999996,2.415314285714286,14.0,12.0
23,0,30,6,7,0,30,16,17,24,0,6,7,0,30,16,17,24,3,21,1,0,-2.1972656249999996,2.1972656249999996,-2.300742857142857,2.264734693877551,4.394531249999999,4.565477551020408,2.1972656249999996,2.300742857142857,14.0,13.0
126,0,26,6,7,3,30,16,17,24,0,6,7,6,30,16,17,24,6,21,1,0,-2.1972656249999996,2.1972656249999996,-2.317928571428572,2.2701904761904763,4.394531249999999,4.588119047619048,2.1972656249999996,2.317928571428572,14.0,13.0
39,0,31,6,7,0,33,16,17,27,0,6,7,3,33,16,17,27,0,12,1,0,-2.3193359374999996,2.3193359374999996,-2.3924000000000003,2.3593015873015877,4.638671874999999,4.7517015873015875,2.3193359374999996,2.3924000000000003,13.0,13.0
13,0,30,6,7,12,27,16,17,27,0,6,7,12,30,16,17,27,0,21,1,0,-2.3193359374999996,2.1972656249999996,-2.346571428571429,2.282920634920635,4.516601562499999,4.629492063492064,2.3193359374999996,2.346571428571429,13.0,13.0
29,0,27,6,7,0,27,16,17,24,0,6,7,0,27,16,17,21,6,15,1,0,-2.3193359374999996,2.1972656249999996,-2.33384126984127,2.323657142857143,4.516601562499999,4.657498412698413,2.3193359374999996,2.33384126984127,13.0,13.0
27,0,27,7,8,12,27,16,17,18,0,7,8,12,27,16,17,21,0,18,1,0,-2.1972656249999996,2.1972656249999996,-2.2093714285714285,2.264734693877551,4.394531249999999,4.47410612244898,2.1972656249999996,2.264734693877551,14.0,13.0
21,0,27,6,7,0,33,16,17,27,0,6,7,6,33,16,17,27,3,12,1,0,-2.3193359374999996,2.1972656249999996,-2.4102222222222225,2.3752142857142857,4.516601562499999,4.785436507936508,2.3193359374999996,2.4102222222222225,13.0,12.0
103,0,27,6,7,12,30,16,17,18,0,6,7,12,30,16,17,21,0,15,1,0,-2.3193359374999996,2.1972656249999996,-2.422952380952381,2.2974693877551022,4.516601562499999,4.720421768707483,2.3193359374999996,2.422952380952381,13.0,12.0
34,0,34,6,7,15,30,16,17,18,0,6,7,15,30,16,17,18,0,18,0,0,-2.4414062499999996,2.1972656249999996,-2.415314285714286,2.232,4.638671874999999,4.647314285714286,2.4414062499999996,2.415314285714286,12.0,12.0
118,0,33,6,7,3,30,16,17,18,6,6,7,9,30,16,17,21,9,18,1,0,-2.3193359374999996,2.3193359374999996,-2.3629387755102043,2.2892857142857146,4.638671874999999,4.652224489795919,2.3193359374999996,2.3629387755102043,13.0,13.0
117,0,26,6,7,0,36,16,17,18,0,6,7,9,36,16,17,18,3,15,1,1,-2.3193359374999996,2.1972656249999996,-2.4102222222222225,2.2778285714285715,4.516601562499999,4.688050793650794,2.3193359374999996,2.4102222222222225,13.0,12.0
75,0,30,6,7,0,24,16,17,24,0,6,7,6,24,16,17,24,0,21,1,0,-2.1972656249999996,2.1972656249999996,-2.2701904761904763,2.2606428571428574,4.394531249999999,4.530833333333334,2.1972656249999996,2.2701904761904763,14.0,13.0
55,0,26,6,7,0,30,15,16,27,15,6,7,0,30,16,17,18,0,18,1,0,-2.3193359374999996,2.1972656249999996,-2.323657142857143,2.232,4.516601562499999,4.555657142857143,2.3193359374999996,2.323657142857143,13.0,13.0
97,0,28,6,7,0,24,16,17,27,0,6,7,0,24,16,17,27,0,18,0,0,-2.1972656249999996,2.1972656249999996,-2.2892857142857146,2.3083809523809524,4.394531249999999,4.597666666666667,2.1972656249999996,2.3083809523809524,14.0,13.0
74,0,31,6,7,3,30,16,17,27,0,6,7,6,30,16,17,27,6,12,1,0,-2.3193359374999996,2.1972656249999996,-2.403857142857143,2.3956734693877553,4.516601562499999,4.799530612244898,2.3193359374999996,2.403857142857143,13.0,12.0
42,0,29,6,7,0,24,16,17,27,0,6,7,3,24,16,17,27,0,12,1,0,-2.1972656249999996,2.3193359374999996,-2.3629387755102043,2.3593015873015877,4.516601562499999,4.722240362811792,2.3193359374999996,2.3629387755102043,13.0,13.0
114,0,28,6,7,0,24,16,17,21,0,6,7,6,24,16,17,24,0,15,1,0,-2.1972656249999996,2.1972656249999996,-2.346571428571429,2.317928571428572,4.394531249999999,4.6645,2.1972656249999996,2.346571428571429,14.0,13.0
90,0,29,6,7,0,27,16,17,15,0,6,7,3,27,16,17,18,0,15,1,0,-2.3193359374999996,2.1972656249999996,-2.346571428571429,2.2701904761904763,4.516601562499999,4.616761904761905,2.3193359374999996,2.346571428571429,13.0,13.0
97,0,27,6,7,0,24,16,17,21,0,6,7,0,24,16,17,21,0,12,0,0,-2.3193359374999996,2.1972656249999996,-2.346571428571429,2.3302040816326532,4.516601562499999,4.676775510204083,2.3193359374999996,2.346571428571429,13.0,13.0
117,0,36,5,6,0,21,16,17,30,6,5,6,0,24,16,17,30,6,15,1,0,-2.4414062499999996,2.3193359374999996,-2.5682857142857145,2.3752142857142857,4.760742187499999,4.9435,2.4414062499999996,2.5682857142857145,12.0,12.0
108,0,26,6,7,0,33,16,17,24,0,6,7,6,33,16,17,24,0,18,1,0,-2.3193359374999996,2.1972656249999996,-2.3593015873015877,2.2892857142857146,4.516601562499999,4.648587301587302,2.3193359374999996,2.3593015873015877,13.0,13.0
9,0,31,6,7,6,33,16,17,21,9,6,7,6,33,16,17,24,9,18,1,0,-2.3193359374999996,2.3193359374999996,-2.3593015873015877,2.323657142857143,4.638671874999999,4.682958730158731,2.3193359374999996,2.3593015873015877,13.0,13.0
37,0,31,6,7,0,33,16,17,30,0,6,7,6,33,16,17,33,0,15,1,0,-2.3193359374999996,2.3193359374999996,-2.384761904761905,2.356987012987013,4.638671874999999,4.741748917748918,2.3193359374999996,2.384761904761905,13.0,13.0
96,0,35,6,7,3,33,16,17,30,0,6,7,3,33,16,17,30,6,15,1,0,-2.3193359374999996,2.3193359374999996,-2.3694857142857146,2.3752142857142857,4.638671874999999,4.7447,2.3193359374999996,2.3752142857142857,13.0,13.0
107,0,31,6,7,9,33,15,16,21,12,6,7,9,33,16,17,15,6,15,1,0,-2.3193359374999996,2.3193359374999996,-2.403857142857143,2.232,4.638671874999999,4.635857142857143,2.3193359374999996,2.403857142857143,13.0,12.0
64,0,30,6,7,0,30,16,17,30,0,6,7,3,30,16,17,30,3,15,1,0,-2.3193359374999996,2.3193359374999996,-2.3593015873015877,2.3593015873015877,4.638671874999999,4.718603174603175,2.3193359374999996,2.3593015873015877,13.0,13.0
108,0,36,5,6,0,24,16,17,30,0,5,6,0,24,16,17,30,0,18,0,0,-2.4414062499999996,2.3193359374999996,-2.532571428571429,2.323657142857143,4.760742187499999,4.856228571428572,2.4414062499999996,2.532571428571429,12.0,12.0
107,0,31,6,7,9,33,15,16,21,12,6,7,9,33,16,17,15,6,15,1,0,-2.3193359374999996,2.3193359374999996,-2.403857142857143,2.232,4.638671874999999,4.635857142857143,2.3193359374999996,2.403857142857143,13.0,12.0
114,0,36,5,6,0,21,16,17,18,9,5,6,0,24,16,17,18,9,18,1,0,-2.4414062499999996,2.3193359374999996,-2.532571428571429,2.232,4.760742187499999,4.764571428571429,2.4414062499999996,2.532571428571429,12.0,12.0
98,0,32,6,7,6,36,16,17,27,0,6,7,9,36,16,17,27,0,18,1,0,-2.3193359374999996,2.3193359374999996,-2.384761904761905,2.3083809523809524,4.638671874999999,4.693142857142858,2.3193359374999996,2.384761904761905,13.0,13.0
46,0,27,6,7,3,27,16,17,27,0,6,7,6,27,16,17,27,3,15,1,0,-2.3193359374999996,2.1972656249999996,-2.3629387755102043,2.346571428571429,4.516601562499999,4.709510204081633,2.3193359374999996,2.3629387755102043,13.0,13.0
53,0,32,6,7,6,27,16,17,24,0,6,7,9,27,16,17,24,0,15,1,0,-2.3193359374999996,2.1972656249999996,-2.384761904761905,2.317928571428572,4.516601562499999,4.702690476190477,2.3193359374999996,2.384761904761905,13.0,13.0
92,0,31,6,7,12,33,16,17,18,0,6,7,12,33,16,17,18,6,15,1,0,-2.4414062499999996,2.3193359374999996,-2.4284081632653063,2.2892857142857146,4.760742187499999,4.717693877551021,2.4414062499999996,2.4284081632653063,12.0,12.0
110,0,31,6,7,9,36,15,16,24,12,6,7,9,36,16,17,15,3,15,1,0,-2.3193359374999996,2.1972656249999996,-2.4102222222222225,2.232,4.516601562499999,4.642222222222223,2.3193359374999996,2.4102222222222225,13.0,12.0
118,0,31,6,7,6,27,16,17,27,0,6,7,6,27,16,17,27,0,18,0,0,-2.3193359374999996,2.3193359374999996,-2.3302040816326532,2.3083809523809524,4.638671874999999,4.638585034013605,2.3193359374999996,2.3302040816326532,13.0,13.0
75,0,32,6,7,9,33,16,17,33,0,6,7,9,33,16,17,33,3,15,1,0,-2.3193359374999996,2.3193359374999996,-2.403857142857143,2.3694857142857146,4.638671874999999,4.7733428571428576,2.3193359374999996,2.403857142857143,13.0,12.0
1,0,34,6,7,12,36,16,17,21,0,6,7,12,36,16,17,21,0,15,0,0,-2.3193359374999996,2.1972656249999996,-2.4325,2.2974693877551022,4.516601562499999,4.729969387755102,2.3193359374999996,2.4325,13.0,12.0
106,0,30,6,7,9,33,16,17,30,0,6,7,9,33,16,17,30,6,18,1,0,-2.3193359374999996,2.1972656249999996,-2.3752142857142857,2.346571428571429,4.516601562499999,4.721785714285715,2.3193359374999996,2.3752142857142857,13.0,13.0
3,0,28,6,7,0,18,16,17,24,3,6,7,3,18,16,17,24,6,15,1,0,-2.3193359374999996,2.1972656249999996,-2.2778285714285715,2.346571428571429,4.516601562499999,4.6244000000000005,2.3193359374999996,2.346571428571429,13.0,13.0
4,0,36,5,6,0,21,16,17,24,0,5,6,0,21,16,17,24,0,18,0,0,-2.4414062499999996,2.3193359374999996,-2.5019591836734696,2.2892857142857146,4.760742187499999,4.791244897959184,2.4414062499999996,2.5019591836734696,12.0,12.0
54,0,31,6,7,9,27,16,17,21,0,6,7,9,27,16,17,21,3,15,1,0,-2.3193359374999996,2.1972656249999996,-2.384761904761905,2.3083809523809524,4.516601562499999,4.693142857142858,2.3193359374999996,2.384761904761905,13.0,13.0
15,0,31,6,7,0,21,16,17,15,0,6,7,0,24,16,17,15,6,15,1,0,-2.3193359374999996,2.0751953124999996,-2.317928571428572,2.232,4.394531249999999,4.5499285714285715,2.3193359374999996,2.317928571428572,13.0,13.0
88,0,33,6,7,3,36,15,16,27,15,6,7,6,36,15,16,27,15,18,1,0,-2.3193359374999996,2.1972656249999996,-2.3694857142857146,2.217857142857143,4.516601562499999,4.587342857142858,2.3193359374999996,2.3694857142857146,13.0,13.0
49,0,36,5,6,0,21,16,17,27,6,5,6,0,21,17,18,9,0,9,1,0,-2.4414062499999996,2.1972656249999996,-2.624408163265306,2.4611428571428573,4.638671874999999,5.085551020408163,2.4414062499999996,2.624408163265306,12.0,11.0
29,0,26,6,7,0,27,16,17,24,0,6,7,0,27,16,17,24,3,18,1,0,-2.3193359374999996,2.1972656249999996,-2.3083809523809524,2.2974693877551022,4.516601562499999,4.605850340136055,2.3193359374999996,2.3083809523809524,13.0,13.0
91,0,28,6,7,0,30,16,17,24,0,6,7,0,30,16,17,24,0,12,0,0,-2.3193359374999996,2.3193359374999996,-2.3694857142857146,2.346571428571429,4.638671874999999,4.716057142857144,2.3193359374999996,2.3694857142857146,13.0,13.0
6,0,29,6,7,9,30,15,16,15,12,6,7,12,30,16,17,15,0,15,1,0,-2.1972656249999996,2.0751953124999996,-2.422952380952381,2.232,4.272460937499999,4.654952380952381,2.1972656249999996,2.422952380952381,14.0,12.0
120,0,25,6,7,0,30,16,17,21,0,6,7,6,33,16,17,21,0,15,1,0,-2.3193359374999996,2.1972656249999996,-2.384761904761905,2.2974693877551022,4.516601562499999,4.682231292517008,2.3193359374999996,2.384761904761905,13.0,13.0
106,0,35,6,7,9,36,16,17,30,9,6,7,12,36,16,17,30,12,18,1,0,-2.3193359374999996,2.3193359374999996,-2.403857142857143,2.384761904761905,4.638671874999999,4.788619047619048,2.3193359374999996,2.403857142857143,13.0,12.0
44,0,29,6,7,6,27,15,16,18,12,6,7,9,27,15,16,18,12,18,1,0,-2.3193359374999996,1.9531249999999998,-2.346571428571429,2.1754285714285713,4.272460937499999,4.522,2.3193359374999996,2.346571428571429,13.0,13.0
6,0,31,6,7,6,27,16,17,24,3,6,7,6,27,16,17,24,6,15,1,0,-2.3193359374999996,2.3193359374999996,-2.3629387755102043,2.346571428571429,4.638671874999999,4.709510204081633,2.3193359374999996,2.3629387755102043,13.0,13.0
19,0,26,6,7,0,30,16,17,21,0,6,7,3,33,16,17,21,0,18,1,0,-2.3193359374999996,2.1972656249999996,-2.346571428571429,2.264734693877551,4.516601562499999,4.61130612244898,2.3193359374999996,2.346571428571429,13.0,13.0
108,0,35,6,7,6,36,16,17,24,6,6,7,9,36,16,17,24,9,18,1,0,-2.3193359374999996,2.3193359374999996,-2.384761904761905,2.323657142857143,4.638671874999999,4.7084190476190475,2.3193359374999996,2.384761904761905,13.0,13.0
69,0,32,6,7,0,24,16,17,30,6,6,7,0,24,16,17,30,6,12,0,0,-2.3193359374999996,2.3193359374999996,-2.346571428571429,2.403857142857143,4.638671874999999,4.7504285714285714,2.3193359374999996,2.403857142857143,13.0,12.0
17,0,29,6,7,6,36,16,17,18,0,6,7,9,36,16,17,18,0,15,1,0,-2.3193359374999996,2.1972656249999996,-2.4102222222222225,2.2701904761904763,4.516601562499999,4.680412698412699,2.3193359374999996,2.4102222222222225,13.0,12.0
72,0,30,6,7,0,27,15,16,24,12,6,7,6,27,15,16,24,9,18,1,0,-2.1972656249999996,2.1972656249999996,-2.3302040816326532,2.198057142857143,4.394531249999999,4.528261224489796,2.1972656249999996,2.3302040816326532,14.0,13.0
12,0,36,5,6,0,24,16,17,24,0,5,6,0,24,16,17,24,0,18,0,0,-2.4414062499999996,2.3193359374999996,-2.532571428571429,2.2892857142857146,4.760742187499999,4.8218571428571435,2.4414062499999996,2.532571428571429,12.0,12.0
70,0,34,6,7,15,30,16,17,18,0,6,7,15,30,16,17,18,3,18,1,0,-2.3193359374999996,2.1972656249999996,-2.415314285714286,2.232,4.516601562499999,4.647314285714286,2.3193359374999996,2.415314285714286,13.0,12.0
49,0,29,6,7,6,30,16,17,30,0,6,7,9,33,16,17,30,0,12,1,0,-2.3193359374999996,2.3193359374999996,-2.4325,2.3694857142857146,4.638671874999999,4.801985714285715,2.3193359374999996,2.4325,13.0,12.0
66,0,27,6,7,0,21,16,17,18,0,6,7,3,21,16,17,18,0,9,1,0,-2.3193359374999996,2.1972656249999996,-2.384761904761905,2.346571428571429,4.516601562499999,4.731333333333334,2.3193359374999996,2.384761904761905,13.0,13.0
112,0,31,6,7,6,21,16,17,21,0,6,7,6,21,16,17,24,3,12,1,0,-2.3193359374999996,2.3193359374999996,-2.3694857142857146,2.3629387755102043,4.638671874999999,4.732424489795919,2.3193359374999996,2.3694857142857146,13.0,13.0
88,0,26,6,7,0,27,16,17,24,0,6,7,3,27,16,17,24,0,18,1,0,-2.1972656249999996,2.1972656249999996,-2.317928571428572,2.2892857142857146,4.394531249999999,4.607214285714287,2.1972656249999996,2.317928571428572,14.0,13.0
76,0,33,6,7,0,33,16,17,27,0,6,7,0,33,16,17,27,3,15,1,0,-2.3193359374999996,2.3193359374999996,-2.356987012987013,2.346571428571429,4.638671874999999,4.703558441558442,2.3193359374999996,2.356987012987013,13.0,13.0
34,0,26,6,7,0,27,16,17,27,0,6,7,6,27,16,17,27,0,24,1,0,-2.3193359374999996,2.1972656249999996,-2.264734693877551,2.2574603174603176,4.516601562499999,4.522195011337869,2.3193359374999996,2.264734693877551,13.0,13.0
82,0,35,6,7,0,27,16,17,24,0,6,7,0,27,16,17,24,0,21,0,0,-2.3193359374999996,2.3193359374999996,-2.282920634920635,2.2606428571428574,4.638671874999999,4.543563492063493,2.3193359374999996,2.282920634920635,13.0,13.0
22,0,30,6,7,0,24,16,17,21,0,6,7,0,24,16,17,24,3,18,1,0,-2.3193359374999996,2.1972656249999996,-2.2892857142857146,2.2974693877551022,4.516601562499999,4.586755102040817,2.3193359374999996,2.2974693877551022,13.0,13.0
47,0,28,6,7,0,21,16,17,24,0,6,7,0,21,16,17,24,6,18,1,0,-2.3193359374999996,2.1972656249999996,-2.264734693877551,2.3083809523809524,4.516601562499999,4.573115646258504,2.3193359374999996,2.3083809523809524,13.0,13.0
121,0,25,6,7,3,27,16,17,15,0,6,7,9,30,16,17,18,0,12,1,0,-2.3193359374999996,2.3193359374999996,-2.4284081632653063,2.3083809523809524,4.638671874999999,4.736789115646259,2.3193359374999996,2.4284081632653063,13.0,12.0
37,0,31,6,7,0,33,16,17,30,0,6,7,6,33,16,17,33,0,15,1,0,-2.3193359374999996,2.3193359374999996,-2.384761904761905,2.356987012987013,4.638671874999999,4.741748917748918,2.3193359374999996,2.384761904761905,13.0,13.0
93,0,27,6,7,6,30,16,17,27,0,6,7,6,30,16,17,27,0,18,0,0,-2.3193359374999996,2.1972656249999996,-2.346571428571429,2.3083809523809524,4.516601562499999,4.654952380952381,2.3193359374999996,2.346571428571429,13.0,13.0
45,0,33,6,7,0,36,16,17,24,0,6,7,3,36,16,17,24,0,15,1,0,-2.3193359374999996,2.1972656249999996,-2.377818181818182,2.317928571428572,4.516601562499999,4.695746753246754,2.3193359374999996,2.377818181818182,13.0,13.0
105,0,36,5,6,0,24,16,17,30,0,5,6,0,24,16,17,30,0,15,0,0,-2.4414062499999996,2.3193359374999996,-2.5682857142857145,2.346571428571429,4.760742187499999,4.9148571428571435,2.4414062499999996,2.5682857142857145,12.0,12.0
28,0,33,6,7,0,30,16,17,30,3,6,7,0,30,16,17,30,0,18,1,0,-2.3193359374999996,2.3193359374999996,-2.323657142857143,2.323657142857143,4.638671874999999,4.647314285714286,2.3193359374999996,2.323657142857143,13.0,13.0
102,0,32,6,7,9,33,16,17,30,0,6,7,12,33,16,17,30,0,15,1,0,-2.3193359374999996,2.3193359374999996,-2.4284081632653063,2.346571428571429,4.638671874999999,4.774979591836735,2.3193359374999996,2.4284081632653063,13.0,12.0
75,0,29,6,7,0,27,16,17,30,0,6,7,6,27,16,17,30,0,18,1,0,-2.1972656249999996,2.3193359374999996,-2.3302040816326532,2.323657142857143,4.516601562499999,4.6538612244897966,2.3193359374999996,2.3302040816326532,13.0,13.0
104,0,30,6,7,6,30,16,17,27,0,6,7,6,30,16,17,27,0,12,0,0,-2.3193359374999996,2.3193359374999996,-2.403857142857143,2.3593015873015877,4.638671874999999,4.763158730158731,2.3193359374999996,2.403857142857143,13.0,12.0
8,0,25,6,7,0,27,16,17,24,0,6,7,6,27,16,17,24,0,15,1,0,-2.1972656249999996,2.1972656249999996,-2.3629387755102043,2.317928571428572,4.394531249999999,4.680867346938776,2.1972656249999996,2.3629387755102043,14.0,13.0
127,0,27,6,7,0,18,16,17,24,0,6,7,0,21,16,17,24,0,15,1,0,-2.3193359374999996,2.3193359374999996,-2.2974693877551022,2.317928571428572,4.638671874999999,4.6153979591836745,2.3193359374999996,2.317928571428572,13.0,13.0
98,0,26,6,7,0,27,16,17,15,0,6,7,6,27,16,17,15,0,15,1,0,-2.3193359374999996,2.0751953124999996,-2.3629387755102043,2.232,4.394531249999999,4.5949387755102045,2.3193359374999996,2.3629387755102043,13.0,13.0
44,0,32,6,7,0,24,16,17,21,0,6,7,0,24,16,17,21,6,15,1,0,-2.3193359374999996,2.1972656249999996,-2.317928571428572,2.323657142857143,4.516601562499999,4.641585714285714,2.3193359374999996,2.323657142857143,13.0,13.0
3,0,33,6,7,3,27,16,17,30,9,6,7,9,27,16,17,30,9,15,1,0,-2.3193359374999996,2.1972656249999996,-2.384761904761905,2.3956734693877553,4.516601562499999,4.78043537414966,2.3193359374999996,2.3956734693877553,13.0,13.0
49,0,27,8,9,21,24,14,15,27,18,8,9,21,24,14,15,27,18,21,0,0,-2.3193359374999996,1.9531249999999998,-2.1754285714285713,2.080190476190476,4.272460937499999,4.255619047619048,2.3193359374999996,2.1754285714285713,13.0,14.0
56,0,29,6,7,0,33,16,17,24,0,6,7,3,33,16,17,24,0,12,1,0,-2.3193359374999996,2.1972656249999996,-2.3924000000000003,2.346571428571429,4.516601562499999,4.738971428571429,2.3193359374999996,2.3924000000000003,13.0,13.0
21,0,35,6,7,9,36,16,17,27,0,6,7,12,36,16,17,27,3,21,1,0,-2.3193359374999996,2.1972656249999996,-2.3752142857142857,2.2892857142857146,4.516601562499999,4.6645,2.3193359374999996,2.3752142857142857,13.0,13.0
36,0,35,6,7,9,30,16,17,30,12,6,7,9,30,16,17,30,12,15,0,0,-2.3193359374999996,2.3193359374999996,-2.3956734693877553,2.422952380952381,4.638671874999999,4.818625850340137,2.3193359374999996,2.422952380952381,13.0,12.0
120,0,34,6,7,15,33,16,17,21,0,6,7,15,33,16,17,24,3,15,1,0,-2.4414062499999996,2.3193359374999996,-2.4611428571428573,2.3302040816326532,4.760742187499999,4.7913469387755105,2.4414062499999996,2.4611428571428573,12.0,12.0
87,0,33,6,7,0,24,16,17,27,0,6,7,0,24,16,17,27,0,18,0,0,-2.3193359374999996,2.1972656249999996,-2.2892857142857146,2.3083809523809524,4.516601562499999,4.597666666666667,2.3193359374999996,2.3083809523809524,13.0,13.0
37,0,35,6,7,0,30,16,17,27,0,6,7,6,30,16,17,27,6,18,1,0,-2.3193359374999996,2.3193359374999996,-2.346571428571429,2.3302040816326532,4.638671874999999,4.676775510204083,2.3193359374999996,2.346571428571429,13.0,13.0
105,0,36,5,6,0,24,16,17,30,0,5,6,0,24,16,17,30,0,15,0,0,-2.4414062499999996,2.3193359374999996,-2.5682857142857145,2.346571428571429,4.760742187499999,4.9148571428571435,2.4414062499999996,2.5682857142857145,12.0,12.0
120,0,27,6,7,9,30,16,17,18,0,6,7,9,30,16,17,21,0,15,1,0,-2.3193359374999996,2.1972656249999996,-2.3956734693877553,2.2974693877551022,4.516601562499999,4.693142857142858,2.3193359374999996,2.3956734693877553,13.0,13.0
115,0,25,6,7,6,21,15,16,18,6,6,7,12,21,15,16,18,9,12,1,0,-2.1972656249999996,2.0751953124999996,-2.4611428571428573,2.213142857142857,4.272460937499999,4.674285714285714,2.1972656249999996,2.4611428571428573,14.0,12.0
76,0,33,6,7,0,33,16,17,27,0,6,7,0,33,16,17,27,3,15,1,0,-2.3193359374999996,2.3193359374999996,-2.356987012987013,2.346571428571429,4.638671874999999,4.703558441558442,2.3193359374999996,2.356987012987013,13.0,13.0
30,0,29,6,7,3,18,16,17,27,0,6,7,9,18,16,17,27,0,12,1,0,-2.1972656249999996,2.3193359374999996,-2.384761904761905,2.3593015873015877,4.516601562499999,4.744063492063493,2.3193359374999996,2.384761904761905,13.0,13.0
56,0,31,6,7,0,24,16,17,30,0,6,7,3,24,16,17,30,3,15,1,0,-2.1972656249999996,2.3193359374999996,-2.3302040816326532,2.3593015873015877,4.516601562499999,4.689505668934241,2.3193359374999996,2.3593015873015877,13.0,13.0
112,0,28,6,7,3,30,16,17,21,0,6,7,6,30,16,17,21,0,12,1,0,-2.3193359374999996,2.1972656249999996,-2.403857142857143,2.3302040816326532,4.516601562499999,4.734061224489796,2.3193359374999996,2.403857142857143,13.0,12.0
45,0,25,6,7,6,27,16,17,27,0,6,7,6,27,16,17,27,0,12,0,0,-2.3193359374999996,2.1972656249999996,-2.3956734693877553,2.3593015873015877,4.516601562499999,4.754975056689343,2.3193359374999996,2.3956734693877553,13.0,13.0
114,0,34,6,7,15,30,16,17,30,0,6,7,15,30,16,17,30,0,15,0,0,-2.4414062499999996,2.3193359374999996,-2.4611428571428573,2.346571428571429,4.760742187499999,4.807714285714287,2.4414062499999996,2.4611428571428573,12.0,12.0
76,0,27,6,7,6,27,15,16,15,9,6,7,6,27,15,16,15,12,15,1,0,-2.3193359374999996,2.0751953124999996,-2.3629387755102043,2.1754285714285713,4.394531249999999,4.5383673469387755,2.3193359374999996,2.3629387755102043,13.0,13.0
88,0,27,6,7,6,30,16,17,24,0,6,7,3,30,16,17,24,0,12,1,0,-2.3193359374999996,2.1972656249999996,-2.384761904761905,2.346571428571429,4.516601562499999,4.731333333333334,2.3193359374999996,2.384761904761905,13.0,13.0
123,0,30,6,7,6,33,16,17,24,0,6,7,6,33,16,17,24,3,15,1,0,-2.3193359374999996,2.1972656249999996,-2.384761904761905,2.3302040816326532,4.516601562499999,4.714965986394558,2.3193359374999996,2.384761904761905,13.0,13.0
85,0,35,6,7,12,18,16,17,30,0,6,7,12,18,16,17,30,6,12,1,0,-2.3193359374999996,2.3193359374999996,-2.4611428571428573,2.403857142857143,4.638671874999999,4.865,2.3193359374999996,2.4611428571428573,13.0,12.0
98,0,25,6,7,6,30,16,17,24,0,6,7,9,30,16,17,24,0,15,1,0,-2.3193359374999996,2.1972656249999996,-2.3956734693877553,2.317928571428572,4.516601562499999,4.713602040816327,2.3193359374999996,2.3956734693877553,13.0,13.0
101,0,33,6,7,6,27,16,17,21,0,6,7,9,27,16,17,21,0,18,1,0,-2.1972656249999996,2.1972656249999996,-2.346571428571429,2.264734693877551,4.394531249999999,4.61130612244898,2.1972656249999996,2.346571428571429,14.0,13.0
82,0,27,6,7,0,30,16,17,18,0,6,7,3,30,16,17,18,0,15,1,0,-2.1972656249999996,2.1972656249999996,-2.3593015873015877,2.2701904761904763,4.394531249999999,4.629492063492064,2.1972656249999996,2.3593015873015877,14.0,13.0
81,0,27,7,8,3,24,14,15,33,12,7,8,6,24,14,15,36,15,18,1,0,-2.1972656249999996,2.0751953124999996,-2.1942857142857144,2.134612244897959,4.272460937499999,4.328897959183673,2.1972656249999996,2.1942857142857144,14.0,14.0
30,0,34,6,7,9,36,16,17,27,3,6,7,9,36,16,17,27,6,21,1,0,-2.3193359374999996,2.3193359374999996,-2.3593015873015877,2.2974693877551022,4.638671874999999,4.6567709750566895,2.3193359374999996,2.3593015873015877,13.0,13.0
127,0,36,5,6,0,18,16,17,30,0,5,6,0,18,16,17,30,0,15,0,0,-2.4414062499999996,2.3193359374999996,-2.5087619047619047,2.346571428571429,4.760742187499999,4.855333333333334,2.4414062499999996,2.5087619047619047,12.0,12.0
38,0,31,6,7,0,27,16,17,24,0,6,7,0,27,16,17,24,0,15,0,0,-2.3193359374999996,2.3193359374999996,-2.33384126984127,2.317928571428572,4.638671874999999,4.651769841269841,2.3193359374999996,2.33384126984127,13.0,13.0
112,0,28,6,7,3,30,16,17,21,0,6,7,6,30,16,17,21,0,12,1,0,-2.3193359374999996,2.1972656249999996,-2.403857142857143,2.3302040816326532,4.516601562499999,4.734061224489796,2.3193359374999996,2.403857142857143,13.0,12.0
40,0,30,6,7,3,18,16,17,21,0,6,7,9,21,16,17,21,0,12,1,0,-2.3193359374999996,2.3193359374999996,-2.403857142857143,2.3302040816326532,4.638671874999999,4.734061224489796,2.3193359374999996,2.403857142857143,13.0,12.0
77,0,25,6,7,0,24,16,17,15,0,6,7,6,24,16,17,18,0,15,1,0,-2.3193359374999996,2.1972656249999996,-2.346571428571429,2.2701904761904763,4.516601562499999,4.616761904761905,2.3193359374999996,2.346571428571429,13.0,13.0
61,0,34,6,7,3,33,16,17,27,0,6,7,9,33,16,17,27,0,18,1,0,-2.3193359374999996,2.3193359374999996,-2.3752142857142857,2.3083809523809524,4.638671874999999,4.683595238095238,2.3193359374999996,2.3752142857142857,13.0,13.0
31,0,36,5,6,0,18,16,17,30,9,5,6,0,21,16,17,30,12,15,1,0,-2.4414062499999996,2.3193359374999996,-2.542775510204082,2.422952380952381,4.760742187499999,4.9657278911564635,2.4414062499999996,2.542775510204082,12.0,12.0
62,0,33,6,7,0,36,16,17,24,0,6,7,0,36,16,17,24,3,18,1,0,-2.3193359374999996,2.3193359374999996,-2.346571428571429,2.2974693877551022,4.638671874999999,4.644040816326531,2.3193359374999996,2.346571428571429,13.0,13.0
123,0,31,6,7,9,27,16,17,24,0,6,7,9,27,16,17,24,0,15,0,0,-2.4414062499999996,2.1972656249999996,-2.384761904761905,2.317928571428572,4.638671874999999,4.702690476190477,2.4414062499999996,2.384761904761905,12.0,13.0
42,0,26,6,7,0,18,16,17,27,0,6,7,0,18,16,17,27,0,15,0,0,-2.0751953124999996,2.3193359374999996,-2.2701904761904763,2.33384126984127,4.394531249999999,4.604031746031746,2.3193359374999996,2.33384126984127,13.0,13.0
98,0,29,6,7,9,27,16,17,18,0,6,7,12,27,16,17,18,0,12,1,0,-2.1972656249999996,2.1972656249999996,-2.4611428571428573,2.3083809523809524,4.394531249999999,4.769523809523809,2.1972656249999996,2.4611428571428573,14.0,12.0
10,0,29,6,7,6,24,16,17,27,0,6,7,9,24,16,17,27,0,12,1,0,-2.3193359374999996,2.1972656249999996,-2.415314285714286,2.3593015873015877,4.516601562499999,4.774615873015874,2.3193359374999996,2.415314285714286,13.0,12.0
53,0,25,7,8,12,27,16,17,27,0,7,8,15,27,16,17,27,6,15,1,0,-2.1972656249999996,2.1972656249999996,-2.232,2.3629387755102043,4.394531249999999,4.5949387755102045,2.1972656249999996,2.3629387755102043,14.0,13.0
105,0,36,5,6,0,24,16,17,30,0,5,6,0,24,16,17,30,0,15,0,0,-2.4414062499999996,2.3193359374999996,-2.5682857142857145,2.346571428571429,4.760742187499999,4.9148571428571435,2.4414062499999996,2.5682857142857145,12.0,12.0
104,0,35,6,7,9,33,15,16,27,6,6,7,12,36,15,16,27,9,12,1,0,-2.4414062499999996,2.1972656249999996,-2.4611428571428573,2.222571428571429,4.638671874999999,4.683714285714286,2.4414062499999996,2.4611428571428573,12.0,12.0
64,0,34,6,7,6,36,16,17,27,0,6,7,9,36,16,17,27,3,18,1,0,-2.3193359374999996,2.3193359374999996,-2.384761904761905,2.317928571428572,4.638671874999999,4.702690476190477,2.3193359374999996,2.384761904761905,13.0,13.0
34,0,33,6,7,0,33,16,17,24,0,6,7,6,33,16,17,24,0,21,1,0,-2.3193359374999996,2.1972656249999996,-2.33384126984127,2.2606428571428574,4.516601562499999,4.594484126984128,2.3193359374999996,2.33384126984127,13.0,13.0
11,0,34,6,7,15,27,16,17,33,0,6,7,15,27,16,17,33,3,15,1,0,-2.4414062499999996,2.3193359374999996,-2.4611428571428573,2.3694857142857146,4.760742187499999,4.830628571428572,2.4414062499999996,2.4611428571428573,12.0,12.0
122,0,30,6,7,6,27,15,16,21,15,6,7,6,27,15,16,21,15,18,0,0,-2.3193359374999996,2.0751953124999996,-2.3302040816326532,2.2037142857142857,4.394531249999999,4.5339183673469385,2.3193359374999996,2.3302040816326532,13.0,13.0
96,0,30,6,7,0,18,16,17,18,0,6,7,6,18,16,17,21,3,12,1,0,-2.0751953124999996,2.1972656249999996,-2.346571428571429,2.346571428571429,4.272460937499999,4.693142857142858,2.1972656249999996,2.346571428571429,14.0,13.0
52,0,33,7,8,12,21,16,17,24,9,7,8,12,21,16,17,24,9,12,0,0,-2.0751953124999996,2.3193359374999996,-2.232,2.415314285714286,4.394531249999999,4.647314285714286,2.3193359374999996,2.415314285714286,13.0,12.0
31,0,26,6,7,0,30,16,17,30,0,6,7,6,30,16,17,30,0,18,1,0,-2.3193359374999996,2.3193359374999996,-2.346571428571429,2.323657142857143,4.638671874999999,4.670228571428572,2.3193359374999996,2.346571428571429,13.0,13.0
69,0,26,6,7,0,27,16,17,24,0,6,7,3,27,16,17,24,6,21,1,0,-2.3193359374999996,2.1972656249999996,-2.2892857142857146,2.2701904761904763,4.516601562499999,4.559476190476191,2.3193359374999996,2.2892857142857146,13.0,13.0
15,0,28,6,7,0,15,16,17,27,0,6,7,9,15,16,17,27,0,12,0,1,-2.3193359374999996,2.3193359374999996,-2.346571428571429,2.3593015873015877,4.638671874999999,4.705873015873017,2.3193359374999996,2.3593015873015877,13.0,13.0
98,0,30,6,7,0,30,16,17,27,0,6,7,0,30,16,17,27,0,12,0,0,-2.3193359374999996,2.3193359374999996,-2.3694857142857146,2.3593015873015877,4.638671874999999,4.728787301587302,2.3193359374999996,2.3694857142857146,13.0,13.0
13,0,30,6,7,12,27,16,17,27,0,6,7,12,30,16,17,27,0,21,1,0,-2.3193359374999996,2.1972656249999996,-2.346571428571429,2.282920634920635,4.516601562499999,4.629492063492064,2.3193359374999996,2.346571428571429,13.0,13.0
13,0,31,6,7,12,36,16,17,24,6,6,7,12,36,16,17,24,9,21,1,0,-2.3193359374999996,2.1972656249999996,-2.3752142857142857,2.2778285714285715,4.516601562499999,4.653042857142857,2.3193359374999996,2.3752142857142857,13.0,13.0
20,0,31,6,7,0,33,15,16,21,0,6,7,9,33,15,16,21,3,18,1,1,-2.3193359374999996,2.0751953124999996,-2.3752142857142857,2.1848571428571426,4.394531249999999,4.560071428571428,2.3193359374999996,2.3752142857142857,13.0,13.0
105,0,26,6,7,0,30,16,17,21,0,6,7,6,30,16,17,21,0,12,1,0,-2.3193359374999996,2.1972656249999996,-2.403857142857143,2.3302040816326532,4.516601562499999,4.734061224489796,2.3193359374999996,2.403857142857143,13.0,12.0
46,0,34,6,7,6,30,16,17,18,0,6,7,9,30,16,17,21,6,12,1,0,-2.3193359374999996,2.3193359374999996,-2.4284081632653063,2.3694857142857146,4.638671874999999,4.7978938775510205,2.3193359374999996,2.4284081632653063,13.0,12.0
97,0,32,6,7,6,27,16,17,27,0,6,7,6,27,16,17,27,0,15,0,0,-2.1972656249999996,2.3193359374999996,-2.3629387755102043,2.33384126984127,4.516601562499999,4.696780045351474,2.3193359374999996,2.3629387755102043,13.0,13.0
38,0,32,6,7,9,27,16,17,24,0,6,7,9,27,16,17,24,6,15,1,0,-2.3193359374999996,2.1972656249999996,-2.384761904761905,2.346571428571429,4.516601562499999,4.731333333333334,2.3193359374999996,2.384761904761905,13.0,13.0
7,0,30,6,7,9,21,16,17,27,0,6,7,9,24,16,17,30,6,15,1,0,-2.3193359374999996,2.3193359374999996,-2.3694857142857146,2.3752142857142857,4.638671874999999,4.7447,2.3193359374999996,2.3752142857142857,13.0,13.0
58,0,32,6,7,12,36,16,17,18,0,6,7,12,36,16,17,18,3,18,1,0,-2.3193359374999996,2.1972656249999996,-2.403857142857143,2.232,4.516601562499999,4.635857142857143,2.3193359374999996,2.403857142857143,13.0,12.0
71,0,29,6,7,9,24,16,17,24,0,6,7,12,27,16,17,24,3,15,1,0,-2.3193359374999996,2.1972656249999996,-2.415314285714286,2.3302040816326532,4.516601562499999,4.745518367346939,2.3193359374999996,2.415314285714286,13.0,12.0
72,0,31,6,7,3,36,16,17,27,0,6,7,6,36,16,17,27,0,12,1,0,-2.3193359374999996,2.3193359374999996,-2.415314285714286,2.3593015873015877,4.638671874999999,4.774615873015874,2.3193359374999996,2.415314285714286,13.0,12.0
51,0,32,6,7,12,27,16,17,24,0,6,7,15,27,16,17,24,6,18,1,0,-2.4414062499999996,2.3193359374999996,-2.403857142857143,2.3083809523809524,4.760742187499999,4.712238095238096,2.4414062499999996,2.403857142857143,12.0,12.0
36,0,27,6,7,0,33,16,17,27,0,6,7,3,33,16,17,27,0,12,1,0,-2.3193359374999996,2.3193359374999996,-2.3924000000000003,2.3593015873015877,4.638671874999999,4.7517015873015875,2.3193359374999996,2.3924000000000003,13.0,13.0
7,0,29,6,7,6,30,16,17,21,3,6,7,9,33,16,17,21,6,15,1,0,-2.3193359374999996,2.1972656249999996,-2.403857142857143,2.323657142857143,4.516601562499999,4.727514285714285,2.3193359374999996,2.403857142857143,13.0,12.0
49,0,36,5,6,0,21,16,17,27,6,5,6,0,21,17,18,9,0,9,1,0,-2.4414062499999996,2.1972656249999996,-2.624408163265306,2.4611428571428573,4.638671874999999,5.085551020408163,2.4414062499999996,2.624408163265306,12.0,11.0
56,0,28,6,7,0,27,16,17,27,0,6,7,0,27,16,17,27,6,9,1,0,-2.3193359374999996,2.3193359374999996,-2.384761904761905,2.4284081632653063,4.638671874999999,4.813170068027212,2.3193359374999996,2.4284081632653063,13.0,12.0
92,0,35,6,7,9,36,16,17,27,6,6,7,12,36,16,17,27,9,15,1,0,-2.3193359374999996,2.3193359374999996,-2.4325,2.384761904761905,4.638671874999999,4.817261904761905,2.3193359374999996,2.4325,13.0,12.0
78,0,33,6,7,12,30,16,17,27,0,6,7,12,33,16,17,27,6,21,1,0,-2.3193359374999996,2.1972656249999996,-2.3629387755102043,2.2974693877551022,4.516601562499999,4.6604081632653065,2.3193359374999996,2.3629387755102043,13.0,13.0
80,0,31,7,8,15,30,16,17,27,0,7,8,18,30,16,17,27,0,18,1,0,-2.3193359374999996,2.3193359374999996,-2.232,2.3083809523809524,4.638671874999999,4.540380952380953,2.3193359374999996,2.3083809523809524,13.0,13.0
121,0,35,6,7,6,27,17,18,12,0,6,7,9,27,17,18,12,3,12,1,0,-2.3193359374999996,2.3193359374999996,-2.422952380952381,2.4611428571428573,4.638671874999999,4.884095238095238,2.3193359374999996,2.4611428571428573,13.0,12.0
38,0,27,6,7,0,18,16,17,24,0,6,7,6,18,16,17,24,0,15,1,0,-2.3193359374999996,2.1972656249999996,-2.2892857142857146,2.317928571428572,4.516601562499999,4.607214285714287,2.3193359374999996,2.317928571428572,13.0,13.0
7,0,25,7,8,0,15,16,17,24,0,7,8,6,15,16,17,24,0,12,1,0,-2.3193359374999996,2.1972656249999996,-2.1942857142857144,2.346571428571429,4.516601562499999,4.540857142857144,2.3193359374999996,2.346571428571429,13.0,13.0
90,0,35,6,7,0,30,17,18,12,0,6,7,6,30,17,18,12,3,12,1,0,-2.3193359374999996,2.3193359374999996,-2.403857142857143,2.4611428571428573,4.638671874999999,4.865,2.3193359374999996,2.4611428571428573,13.0,12.0
84,0,25,6,7,6,30,16,17,24,0,6,7,6,33,16,17,24,3,9,1,0,-2.3193359374999996,2.1972656249999996,-2.43568253968254,2.3956734693877553,4.516601562499999,4.831356009070295,2.3193359374999996,2.43568253968254,13.0,12.0
57,0,31,6,7,0,33,16,17,21,0,6,7,6,33,16,17,21,0,21,1,0,-2.1972656249999996,2.3193359374999996,-2.33384126984127,2.232,4.516601562499999,4.56584126984127,2.3193359374999996,2.33384126984127,13.0,13.0
97,0,29,6,7,3,24,16,17,27,0,6,7,6,24,16,17,27,0,12,1,0,-2.3193359374999996,2.3193359374999996,-2.384761904761905,2.3593015873015877,4.638671874999999,4.744063492063493,2.3193359374999996,2.384761904761905,13.0,13.0
92,0,36,5,6,0,24,16,17,30,0,5,6,0,24,16,17,30,0,21,0,0,-2.4414062499999996,2.3193359374999996,-2.496857142857143,2.300742857142857,4.760742187499999,4.7976,2.4414062499999996,2.496857142857143,12.0,12.0
12,0,30,6,7,9,36,16,17,24,3,6,7,9,36,16,17,24,6,15,1,0,-2.3193359374999996,2.3193359374999996,-2.4102222222222225,2.346571428571429,4.638671874999999,4.756793650793652,2.3193359374999996,2.4102222222222225,13.0,12.0
109,0,26,6,7,0,30,16,17,24,0,6,7,0,30,16,17,24,0,18,0,0,-2.3193359374999996,2.1972656249999996,-2.323657142857143,2.2892857142857146,4.516601562499999,4.6129428571428575,2.3193359374999996,2.323657142857143,13.0,13.0
39,0,31,6,7,0,33,16,17,27,0,6,7,3,33,16,17,27,0,12,1,0,-2.3193359374999996,2.3193359374999996,-2.3924000000000003,2.3593015873015877,4.638671874999999,4.7517015873015875,2.3193359374999996,2.3924000000000003,13.0,13.0
10,0,33,6,7,6,33,16,17,24,0,6,7,9,33,16,17,24,0,18,1,0,-2.3193359374999996,2.1972656249999996,-2.3752142857142857,2.2892857142857146,4.516601562499999,4.6645,2.3193359374999996,2.3752142857142857,13.0,13.0
76,0,29,6,7,0,24,16,17,30,0,6,7,0,24,16,17,30,0,12,0,0,-2.3193359374999996,2.3193359374999996,-2.346571428571429,2.3694857142857146,4.638671874999999,4.716057142857144,2.3193359374999996,2.3694857142857146,13.0,13.0
52,0,26,6,7,0,33,15,16,18,12,6,7,6,33,16,17,15,6,15,1,0,-2.3193359374999996,2.0751953124999996,-2.384761904761905,2.232,4.394531249999999,4.616761904761905,2.3193359374999996,2.384761904761905,13.0,13.0
98,0,32,6,7,6,36,16,17,27,0,6,7,9,36,16,17,27,0,18,1,0,-2.3193359374999996,2.3193359374999996,-2.384761904761905,2.3083809523809524,4.638671874999999,4.693142857142858,2.3193359374999996,2.384761904761905,13.0,13.0
84,0,29,6,7,6,30,16,17,24,0,6,7,0,30,16,17,24,3,12,1,0,-2.3193359374999996,2.3193359374999996,-2.3694857142857146,2.3629387755102043,4.638671874999999,4.732424489795919,2.3193359374999996,2.3694857142857146,13.0,13.0
24,0,30,6,7,0,30,16,17,24,0,6,7,3,30,16,17,24,0,18,1,0,-2.3193359374999996,2.1972656249999996,-2.33384126984127,2.2892857142857146,4.516601562499999,4.623126984126984,2.3193359374999996,2.33384126984127,13.0,13.0
98,0,26,6,7,0,27,16,17,15,0,6,7,6,27,16,17,15,0,15,1,0,-2.3193359374999996,2.0751953124999996,-2.3629387755102043,2.232,4.394531249999999,4.5949387755102045,2.3193359374999996,2.3629387755102043,13.0,13.0
39,0,32,6,7,6,33,15,16,21,12,6,7,6,33,16,17,15,6,15,1,0,-2.3193359374999996,2.1972656249999996,-2.384761904761905,2.232,4.516601562499999,4.616761904761905,2.3193359374999996,2.384761904761905,13.0,13.0
4,0,27,6,7,3,18,15,16,24,9,6,7,3,21,15,16,24,12,15,1,0,-2.1972656249999996,2.0751953124999996,-2.3083809523809524,2.217857142857143,4.272460937499999,4.526238095238096,2.1972656249999996,2.3083809523809524,14.0,13.0
43,0,30,6,7,0,27,16,17,18,0,6,7,0,27,16,17,21,0,12,1,0,-2.1972656249999996,2.3193359374999996,-2.3593015873015877,2.3302040816326532,4.516601562499999,4.689505668934241,2.3193359374999996,2.3593015873015877,13.0,13.0
75,0,35,6,7,9,30,16,17,27,3,6,7,9,30,16,17,27,9,18,1,0,-2.3193359374999996,2.3193359374999996,-2.3629387755102043,2.346571428571429,4.638671874999999,4.709510204081633,2.3193359374999996,2.3629387755102043,13.0,13.0
11,0,29,6,7,6,30,16,17,27,0,6,7,9,30,16,17,30,0,15,1,0,-2.3193359374999996,2.3193359374999996,-2.3956734693877553,2.346571428571429,4.638671874999999,4.742244897959184,2.3193359374999996,2.3956734693877553,13.0,13.0
47,0,33,6,7,0,30,16,17,30,0,6,7,3,30,16,17,30,0,15,1,0,-2.3193359374999996,2.3193359374999996,-2.3593015873015877,2.346571428571429,4.638671874999999,4.705873015873017,2.3193359374999996,2.3593015873015877,13.0,13.0
123,0,31,6,7,9,27,16,17,24,0,6,7,9,27,16,17,24,0,15,0,0,-2.4414062499999996,2.1972656249999996,-2.384761904761905,2.317928571428572,4.638671874999999,4.702690476190477,2.4414062499999996,2.384761904761905,12.0,13.0
23,0,32,6,7,0,39,16,17,21,0,6,7,6,39,16,17,21,3,15,1,0,-2.3193359374999996,2.1972656249999996,-2.3986493506493507,2.3083809523809524,4.516601562499999,4.707030303030303,2.3193359374999996,2.3986493506493507,13.0,13.0
113,0,30,7,8,9,21,16,17,27,0,7,8,12,21,16,17,27,6,15,1,0,-2.3193359374999996,2.3193359374999996,-2.213142857142857,2.3629387755102043,4.638671874999999,4.576081632653061,2.3193359374999996,2.3629387755102043,13.0,13.0
95,0,36,5,6,0,18,16,17,21,0,5,6,0,18,16,17,21,0,15,0,0,-2.4414062499999996,2.1972656249999996,-2.5087619047619047,2.2974693877551022,4.638671874999999,4.8062312925170065,2.4414062499999996,2.5087619047619047,12.0,12.0
123,0,35,6,7,6,39,16,17,24,12,6,7,9,39,16,17,27,12,15,1,0,-2.3193359374999996,2.3193359374999996,-2.415314285714286,2.415314285714286,4.638671874999999,4.830628571428572,2.3193359374999996,2.415314285714286,13.0,12.0
44,0,32,6,7,0,24,16,17,21,0,6,7,0,24,16,17,21,6,15,1,0,-2.3193359374999996,2.1972656249999996,-2.317928571428572,2.323657142857143,4.516601562499999,4.641585714285714,2.3193359374999996,2.323657142857143,13.0,13.0
99,0,33,6,7,9,36,16,17,27,0,6,7,12,36,16,17,27,3,15,1,0,-2.3193359374999996,2.3193359374999996,-2.4325,2.346571428571429,4.638671874999999,4.779071428571429,2.3193359374999996,2.4325,13.0,12.0
63,0,27,6,7,6,24,16,17,24,0,6,7,6,24,16,17,27,3,18,1,0,-2.3193359374999996,2.1972656249999996,-2.3083809523809524,2.317928571428572,4.516601562499999,4.626309523809525,2.3193359374999996,2.317928571428572,13.0,13.0
33,0,33,6,7,0,33,16,17,21,0,6,7,3,33,16,17,21,0,12,1,0,-2.3193359374999996,2.1972656249999996,-2.3924000000000003,2.3302040816326532,4.516601562499999,4.722604081632653,2.3193359374999996,2.3924000000000003,13.0,13.0
76,0,35,6,7,0,27,16,17,24,6,6,7,0,30,16,17,24,9,12,1,0,-2.3193359374999996,2.3193359374999996,-2.3694857142857146,2.415314285714286,4.638671874999999,4.784800000000001,2.3193359374999996,2.415314285714286,13.0,12.0
72,0,28,6,7,0,30,16,17,24,0,6,7,0,30,16,17,24,3,15,1,0,-2.3193359374999996,2.1972656249999996,-2.346571428571429,2.3302040816326532,4.516601562499999,4.676775510204083,2.3193359374999996,2.346571428571429,13.0,13.0
123,0,27,6,7,6,27,16,17,12,0,6,7,6,27,16,17,12,0,12,0,0,-2.3193359374999996,2.1972656249999996,-2.3956734693877553,2.232,4.516601562499999,4.627673469387755,2.3193359374999996,2.3956734693877553,13.0,13.0
6,0,27,6,7,9,15,16,17,24,0,6,7,9,15,16,17,24,0,12,0,0,-2.3193359374999996,2.1972656249999996,-2.346571428571429,2.346571428571429,4.516601562499999,4.693142857142858,2.3193359374999996,2.346571428571429,13.0,13.0
40,0,36,5,6,0,21,16,17,27,0,5,6,0,18,16,17,27,0,9,1,0,-2.4414062499999996,2.3193359374999996,-2.604,2.384761904761905,4.760742187499999,4.988761904761905,2.4414062499999996,2.604,12.0,12.0
126,0,36,5,6,0,21,16,17,33,0,5,6,0,21,16,17,33,3,18,1,0,-2.4414062499999996,2.3193359374999996,-2.5019591836734696,2.346571428571429,4.760742187499999,4.848530612244899,2.4414062499999996,2.5019591836734696,12.0,12.0
66,0,26,6,7,0,33,16,17,27,0,6,7,6,33,16,17,27,0,15,1,0,-2.3193359374999996,2.3193359374999996,-2.384761904761905,2.33384126984127,4.638671874999999,4.7186031746031745,2.3193359374999996,2.384761904761905,13.0,13.0
15,0,29,6,7,6,33,16,17,27,0,6,7,9,33,16,17,27,0,9,1,0,-2.3193359374999996,2.1972656249999996,-2.4611428571428573,2.384761904761905,4.516601562499999,4.845904761904762,2.3193359374999996,2.4611428571428573,13.0,12.0
6,0,27,6,7,9,15,16,17,24,0,6,7,9,15,16,17,24,0,12,0,0,-2.3193359374999996,2.1972656249999996,-2.346571428571429,2.346571428571429,4.516601562499999,4.693142857142858,2.3193359374999996,2.346571428571429,13.0,13.0
106,0,26,6,7,3,27,15,16,18,6,6,7,9,27,15,16,18,6,18,1,0,-2.1972656249999996,2.0751953124999996,-2.346571428571429,2.1754285714285713,4.272460937499999,4.522,2.1972656249999996,2.346571428571429,14.0,13.0
40,0,26,6,7,0,30,16,17,24,0,6,7,3,30,16,17,24,0,12,1,0,-2.1972656249999996,2.1972656249999996,-2.384761904761905,2.346571428571429,4.394531249999999,4.731333333333334,2.1972656249999996,2.384761904761905,14.0,13.0
80,0,35,6,7,0,30,16,17,27,0,6,7,3,30,16,17,27,6,15,1,0,-2.3193359374999996,2.3193359374999996,-2.3593015873015877,2.3629387755102043,4.638671874999999,4.722240362811792,2.3193359374999996,2.3629387755102043,13.0,13.0
33,0,26,6,7,0,33,16,17,21,0,6,7,0,33,16,17,21,0,18,0,0,-2.3193359374999996,2.1972656249999996,-2.3361558441558445,2.264734693877551,4.516601562499999,4.600890538033395,2.3193359374999996,2.3361558441558445,13.0,13.0
117,0,30,6,7,3,27,16,17,18,0,6,7,6,30,16,17,18,3,18,1,0,-2.3193359374999996,2.3193359374999996,-2.346571428571429,2.232,4.638671874999999,4.578571428571429,2.3193359374999996,2.346571428571429,13.0,13.0
99,0,27,6,7,6,33,14,15,24,3,6,7,6,33,14,15,24,9,15,1,0,-2.3193359374999996,2.0751953124999996,-2.384761904761905,2.061142857142857,4.394531249999999,4.445904761904762,2.3193359374999996,2.384761904761905,13.0,13.0
126,0,32,6,7,12,33,16,17,27,3,6,7,15,33,16,17,27,0,15,1,0,-2.3193359374999996,2.3193359374999996,-2.4611428571428573,2.33384126984127,4.638671874999999,4.794984126984128,2.3193359374999996,2.4611428571428573,13.0,12.0
30,0,33,6,7,0,33,16,17,30,6,6,7,0,33,16,17,30,9,15,1,0,-2.3193359374999996,2.3193359374999996,-2.356987012987013,2.3956734693877553,4.638671874999999,4.752660482374768,2.3193359374999996,2.3956734693877553,13.0,13.0
41,0,36,6,7,6,24,16,17,27,6,6,7,12,24,16,17,27,6,18,1,0,-2.3193359374999996,2.3193359374999996,-2.346571428571429,2.3302040816326532,4.638671874999999,4.676775510204083,2.3193359374999996,2.346571428571429,13.0,13.0
15,0,27,6,7,6,27,16,17,24,0,6,7,6,24,16,17,24,0,15,1,0,-2.3193359374999996,2.1972656249999996,-2.346571428571429,2.317928571428572,4.516601562499999,4.6645,2.3193359374999996,2.346571428571429,13.0,13.0
39,0,26,6,7,0,30,16,17,18,0,6,7,6,30,16,17,18,0,15,1,0,-2.3193359374999996,2.1972656249999996,-2.3752142857142857,2.2701904761904763,4.516601562499999,4.6454047619047625,2.3193359374999996,2.3752142857142857,13.0,13.0
68,0,30,6,7,3,30,16,17,24,0,6,7,9,30,16,17,24,0,12,1,0,-2.3193359374999996,2.1972656249999996,-2.4284081632653063,2.346571428571429,4.516601562499999,4.774979591836735,2.3193359374999996,2.4284081632653063,13.0,12.0
92,0,30,6,7,12,24,16,17,21,0,6,7,12,24,16,17,21,0,15,0,0,-2.3193359374999996,2.3193359374999996,-2.403857142857143,2.2974693877551022,4.638671874999999,4.701326530612246,2.3193359374999996,2.403857142857143,13.0,12.0
77,0,33,6,7,9,30,16,17,30,0,6,7,12,30,16,17,30,0,18,1,0,-2.3193359374999996,2.3193359374999996,-2.384761904761905,2.323657142857143,4.638671874999999,4.7084190476190475,2.3193359374999996,2.384761904761905,13.0,13.0
30,0,32,6,7,0,21,16,17,30,0,6,7,0,21,16,17,30,6,15,1,0,-2.3193359374999996,2.3193359374999996,-2.2974693877551022,2.3752142857142857,4.638671874999999,4.672683673469388,2.3193359374999996,2.3752142857142857,13.0,13.0
101,0,29,6,7,0,27,15,16,21,15,6,7,6,27,15,16,21,15,18,1,0,-2.1972656249999996,2.3193359374999996,-2.3302040816326532,2.2037142857142857,4.516601562499999,4.5339183673469385,2.3193359374999996,2.3302040816326532,13.0,13.0
114,0,34,6,7,15,30,16,17,30,0,6,7,15,30,16,17,30,0,15,0,0,-2.4414062499999996,2.3193359374999996,-2.4611428571428573,2.346571428571429,4.760742187499999,4.807714285714287,2.4414062499999996,2.4611428571428573,12.0,12.0
23,0,29,7,8,9,33,16,17,18,0,7,8,12,33,16,17,21,6,12,1,0,-2.3193359374999996,2.1972656249999996,-2.232,2.3694857142857146,4.516601562499999,4.601485714285715,2.3193359374999996,2.3694857142857146,13.0,13.0
76,0,29,6,7,0,24,16,17,30,0,6,7,0,24,16,17,30,0,12,0,0,-2.3193359374999996,2.3193359374999996,-2.346571428571429,2.3694857142857146,4.638671874999999,4.716057142857144,2.3193359374999996,2.3694857142857146,13.0,13.0
125,0,35,6,7,9,36,15,16,27,9,6,7,9,36,15,16,27,12,18,1,0,-2.3193359374999996,2.3193359374999996,-2.384761904761905,2.2093714285714285,4.638671874999999,4.594133333333334,2.3193359374999996,2.384761904761905,13.0,13.0
39,0,35,6,7,6,33,16,17,27,0,6,7,6,33,16,17,30,6,12,1,0,-2.3193359374999996,2.3193359374999996,-2.4102222222222225,2.403857142857143,4.638671874999999,4.814079365079365,2.3193359374999996,2.4102222222222225,13.0,12.0
49,0,35,6,7,12,36,16,17,27,0,6,7,12,36,16,17,27,6,18,1,0,-2.3193359374999996,2.1972656249999996,-2.403857142857143,2.3302040816326532,4.516601562499999,4.734061224489796,2.3193359374999996,2.403857142857143,13.0,12.0
76,0,34,6,7,0,30,15,16,24,15,6,7,6,30,15,16,24,15,18,1,0,-2.3193359374999996,2.3193359374999996,-2.346571428571429,2.213142857142857,4.638671874999999,4.559714285714286,2.3193359374999996,2.346571428571429,13.0,13.0
122,0,30,6,7,6,27,15,16,21,15,6,7,6,27,15,16,21,15,18,0,0,-2.3193359374999996,2.0751953124999996,-2.3302040816326532,2.2037142857142857,4.394531249999999,4.5339183673469385,2.3193359374999996,2.3302040816326532,13.0,13.0
74,0,27,6,7,6,18,16,17,24,0,6,7,9,18,16,17,24,3,12,1,0,-2.1972656249999996,2.1972656249999996,-2.384761904761905,2.3629387755102043,4.394531249999999,4.747700680272109,2.1972656249999996,2.384761904761905,14.0,13.0
24,0,32,6,7,0,36,16,17,24,0,6,7,3,36,16,17,24,0,15,1,0,-2.3193359374999996,2.1972656249999996,-2.377818181818182,2.317928571428572,4.516601562499999,4.695746753246754,2.3193359374999996,2.377818181818182,13.0,13.0
28,0,32,6,7,3,24,16,17,30,0,6,7,9,27,16,17,30,0,15,1,0,-2.3193359374999996,2.3193359374999996,-2.384761904761905,2.346571428571429,4.638671874999999,4.731333333333334,2.3193359374999996,2.384761904761905,13.0,13.0
4,0,28,6,7,0,24,16,17,27,0,6,7,0,27,16,17,27,0,21,1,0,-2.1972656249999996,2.1972656249999996,-2.282920634920635,2.282920634920635,4.394531249999999,4.56584126984127,2.1972656249999996,2.282920634920635,14.0,13.0
100,0,26,6,7,3,30,16,17,21,0,6,7,9,30,16,17,21,3,18,1,0,-2.1972656249999996,2.1972656249999996,-2.3629387755102043,2.2701904761904763,4.394531249999999,4.63312925170068,2.1972656249999996,2.3629387755102043,14.0,13.0
1,0,28,6,7,0,24,15,16,21,12,6,7,9,24,15,16,21,12,18,0,1,-2.3193359374999996,2.1972656249999996,-2.323657142857143,2.1942857142857144,4.516601562499999,4.517942857142858,2.3193359374999996,2.323657142857143,13.0,13.0
114,0,28,6,7,0,24,16,17,21,0,6,7,6,24,16,17,24,0,15,1,0,-2.1972656249999996,2.1972656249999996,-2.346571428571429,2.317928571428572,4.394531249999999,4.6645,2.1972656249999996,2.346571428571429,14.0,13.0
67,0,31,6,7,6,33,16,17,24,0,6,7,9,33,16,17,24,6,15,1,0,-2.3193359374999996,2.1972656249999996,-2.403857142857143,2.346571428571429,4.516601562499999,4.7504285714285714,2.3193359374999996,2.403857142857143,13.0,12.0
70,0,30,6,7,9,30,16,17,24,0,6,7,9,30,16,17,24,3,15,1,0,-2.3193359374999996,2.1972656249999996,-2.3956734693877553,2.3302040816326532,4.516601562499999,4.7258775510204085,2.3193359374999996,2.3956734693877553,13.0,13.0
24,0,28,6,7,0,27,16,17,24,0,6,7,6,27,16,17,24,0,18,1,0,-2.1972656249999996,2.3193359374999996,-2.3302040816326532,2.2892857142857146,4.516601562499999,4.619489795918367,2.3193359374999996,2.3302040816326532,13.0,13.0
119,0,25,6,7,0,27,16,17,18,0,6,7,6,27,16,17,18,0,12,1,0,-2.3193359374999996,2.1972656249999996,-2.3956734693877553,2.3083809523809524,4.516601562499999,4.704054421768708,2.3193359374999996,2.3956734693877553,13.0,13.0
16,0,30,6,7,9,30,16,17,24,0,6,7,9,30,16,17,24,0,15,0,0,-2.3193359374999996,2.1972656249999996,-2.3956734693877553,2.317928571428572,4.516601562499999,4.713602040816327,2.3193359374999996,2.3956734693877553,13.0,13.0
80,0,33,6,7,3,30,16,17,27,0,6,7,6,30,16,17,27,0,12,1,0,-2.1972656249999996,2.1972656249999996,-2.403857142857143,2.3593015873015877,4.394531249999999,4.763158730158731,2.1972656249999996,2.403857142857143,14.0,12.0
42,0,35,6,7,0,36,16,17,27,6,6,7,0,36,16,17,27,9,12,1,0,-2.3193359374999996,2.3193359374999996,-2.384761904761905,2.422952380952381,4.638671874999999,4.807714285714287,2.3193359374999996,2.422952380952381,13.0,12.0
103,0,27,6,7,12,30,16,17,18,0,6,7,12,30,16,17,21,0,15,1,0,-2.3193359374999996,2.1972656249999996,-2.422952380952381,2.2974693877551022,4.516601562499999,4.720421768707483,2.3193359374999996,2.422952380952381,13.0,12.0
56,0,36,6,7,12,33,16,17,24,0,6,7,12,33,16,17,24,0,18,0,0,-2.3193359374999996,2.1972656249999996,-2.3956734693877553,2.2892857142857146,4.516601562499999,4.68495918367347,2.3193359374999996,2.3956734693877553,13.0,13.0
26,0,28,6,7,0,33,15,16,21,12,6,7,3,33,15,16,21,12,15,1,0,-2.3193359374999996,2.0751953124999996,-2.3694857142857146,2.213142857142857,4.394531249999999,4.582628571428572,2.3193359374999996,2.3694857142857146,13.0,13.0
109,0,35,7,8,12,33,16,17,27,0,7,8,12,33,16,17,27,6,15,1,0,-2.4414062499999996,2.3193359374999996,-2.223918367346939,2.3629387755102043,4.760742187499999,4.586857142857143,2.4414062499999996,2.3629387755102043,12.0,13.0
89,0,35,6,7,9,33,16,17,27,6,6,7,9,33,16,17,27,9,15,1,0,-2.4414062499999996,2.1972656249999996,-2.403857142857143,2.384761904761905,4.638671874999999,4.788619047619048,2.4414062499999996,2.403857142857143,12.0,12.0
89,0,28,6,7,0,27,16,17,18,0,6,7,6,27,16,17,21,3,12,1,0,-2.1972656249999996,2.1972656249999996,-2.3956734693877553,2.346571428571429,4.394531249999999,4.742244897959184,2.1972656249999996,2.3956734693877553,14.0,13.0
96,0,35,6,7,3,33,16,17,30,0,6,7,3,33,16,17,30,6,15,1,0,-2.3193359374999996,2.3193359374999996,-2.3694857142857146,2.3752142857142857,4.638671874999999,4.7447,2.3193359374999996,2.3752142857142857,13.0,13.0
115,0,33,6,7,9,24,16,17,18,0,6,7,12,24,16,17,18,0,15,1,0,-2.3193359374999996,2.0751953124999996,-2.403857142857143,2.2701904761904763,4.394531249999999,4.674047619047619,2.3193359374999996,2.403857142857143,13.0,12.0
16,0,32,6,7,12,33,16,17,24,0,6,7,15,33,16,17,27,6,21,1,0,-2.3193359374999996,2.1972656249999996,-2.384761904761905,2.2974693877551022,4.516601562499999,4.682231292517008,2.3193359374999996,2.384761904761905,13.0,13.0
39,0,27,6,7,0,33,16,17,21,0,6,7,0,36,16,17,21,0,12,1,0,-2.3193359374999996,2.1972656249999996,-2.384761904761905,2.3302040816326532,4.516601562499999,4.714965986394558,2.3193359374999996,2.384761904761905,13.0,13.0
119,0,27,6,7,6,33,16,17,21,0,6,7,9,33,16,17,21,3,18,1,0,-2.3193359374999996,2.1972656249999996,-2.3752142857142857,2.2701904761904763,4.516601562499999,4.6454047619047625,2.3193359374999996,2.3752142857142857,13.0,13.0
118,0,33,6,7,3,30,16,17,18,6,6,7,9,30,16,17,21,9,18,1,0,-2.3193359374999996,2.3193359374999996,-2.3629387755102043,2.2892857142857146,4.638671874999999,4.652224489795919,2.3193359374999996,2.3629387755102043,13.0,13.0
51,0,33,6,7,6,36,16,17,30,0,6,7,6,36,16,17,30,0,18,0,0,-2.3193359374999996,2.3193359374999996,-2.3694857142857146,2.323657142857143,4.638671874999999,4.693142857142858,2.3193359374999996,2.3694857142857146,13.0,13.0
117,0,28,6,7,0,27,14,15,42,15,6,7,3,27,14,15,42,15,18,1,0,-2.3193359374999996,2.0751953124999996,-2.317928571428572,2.1436825396825396,4.394531249999999,4.461611111111111,2.3193359374999996,2.317928571428572,13.0,13.0
102,0,32,6,7,9,33,16,17,30,0,6,7,12,33,16,17,30,0,15,1,0,-2.3193359374999996,2.3193359374999996,-2.4284081632653063,2.346571428571429,4.638671874999999,4.774979591836735,2.3193359374999996,2.4284081632653063,13.0,12.0
70,0,36,5,6,0,21,16,17,24,0,5,6,0,21,16,17,24,0,15,0,0,-2.4414062499999996,2.3193359374999996,-2.542775510204082,2.317928571428572,4.760742187499999,4.860704081632654,2.4414062499999996,2.542775510204082,12.0,12.0
106,0,30,6,7,9,33,16,17,30,0,6,7,9,33,16,17,30,6,18,1,0,-2.3193359374999996,2.1972656249999996,-2.3752142857142857,2.346571428571429,4.516601562499999,4.721785714285715,2.3193359374999996,2.3752142857142857,13.0,13.0
29,0,36,6,7,12,30,16,17,36,6,5,6,3,15,16,17,36,6,12,1,0,-2.4414062499999996,2.3193359374999996,-2.532571428571429,2.415314285714286,4.760742187499999,4.947885714285714,2.4414062499999996,2.532571428571429,12.0,12.0
97,0,27,6,7,0,24,16,17,21,0,6,7,0,24,16,17,21,0,12,0,0,-2.3193359374999996,2.1972656249999996,-2.346571428571429,2.3302040816326532,4.516601562499999,4.676775510204083,2.3193359374999996,2.346571428571429,13.0,13.0
30,0,27,6,7,3,30,16,17,24,0,6,7,3,30,16,17,24,3,15,1,0,-2.1972656249999996,2.1972656249999996,-2.3593015873015877,2.3302040816326532,4.394531249999999,4.689505668934241,2.1972656249999996,2.3593015873015877,14.0,13.0
67,0,33,6,7,0,30,16,17,24,0,6,7,6,30,16,17,24,0,12,1,0,-2.3193359374999996,2.3193359374999996,-2.403857142857143,2.346571428571429,4.638671874999999,4.7504285714285714,2.3193359374999996,2.403857142857143,13.0,12.0
121,0,31,6,7,0,24,16,17,15,9,6,7,6,24,16,17,15,9,15,1,0,-2.3193359374999996,2.1972656249999996,-2.346571428571429,2.232,4.516601562499999,4.578571428571429,2.3193359374999996,2.346571428571429,13.0,13.0
50,0,26,6,7,0,27,16,17,18,0,6,7,6,27,16,17,18,0,18,1,0,-2.3193359374999996,2.1972656249999996,-2.3302040816326532,2.232,4.516601562499999,4.562204081632654,2.3193359374999996,2.3302040816326532,13.0,13.0
74,0,27,6,7,6,18,16,17,24,0,6,7,9,18,16,17,24,3,12,1,0,-2.1972656249999996,2.1972656249999996,-2.384761904761905,2.3629387755102043,4.394531249999999,4.747700680272109,2.1972656249999996,2.384761904761905,14.0,13.0
93,0,25,6,7,9,33,16,17,21,0,6,7,12,33,16,17,21,0,15,1,0,-2.1972656249999996,2.1972656249999996,-2.4284081632653063,2.2974693877551022,4.394531249999999,4.7258775510204085,2.1972656249999996,2.4284081632653063,14.0,12.0
25,0,36,5,6,0,21,16,17,18,3,5,6,0,24,16,17,21,3,15,1,0,-2.4414062499999996,2.3193359374999996,-2.5682857142857145,2.3083809523809524,4.760742187499999,4.876666666666667,2.4414062499999996,2.5682857142857145,12.0,12.0
65,0,30,6,7,0,33,16,17,18,0,6,7,6,33,16,17,18,0,18,1,0,-2.3193359374999996,2.1972656249999996,-2.3593015873015877,2.232,4.516601562499999,4.591301587301588,2.3193359374999996,2.3593015873015877,13.0,13.0
19,0,28,6,7,3,18,16,17,24,0,6,7,6,18,16,17,27,0,15,1,0,-2.3193359374999996,2.1972656249999996,-2.2892857142857146,2.33384126984127,4.516601562499999,4.623126984126984,2.3193359374999996,2.33384126984127,13.0,13.0
85,0,34,6,7,12,30,16,17,24,0,6,7,15,30,16,17,24,6,15,1,0,-2.3193359374999996,2.1972656249999996,-2.4611428571428573,2.346571428571429,4.516601562499999,4.807714285714287,2.3193359374999996,2.4611428571428573,13.0,12.0
52,0,35,6,7,6,21,15,16,24,9,6,7,6,21,17,18,15,3,15,0,1,-2.3193359374999996,2.3193359374999996,-2.323657142857143,2.4611428571428573,4.638671874999999,4.784800000000001,2.3193359374999996,2.4611428571428573,13.0,12.0
90,0,30,6,7,0,21,16,17,21,0,6,7,3,21,16,17,21,0,12,1,0,-2.3193359374999996,2.1972656249999996,-2.346571428571429,2.3302040816326532,4.516601562499999,4.676775510204083,2.3193359374999996,2.346571428571429,13.0,13.0
117,0,34,6,7,15,30,16,17,27,0,6,7,15,30,16,17,27,6,15,1,0,-2.4414062499999996,2.1972656249999996,-2.4611428571428573,2.3629387755102043,4.638671874999999,4.824081632653062,2.4414062499999996,2.4611428571428573,12.0,12.0
127,0,34,6,7,12,30,16,17,21,0,6,7,12,30,16,17,24,3,12,1,0,-2.3193359374999996,2.1972656249999996,-2.4611428571428573,2.3629387755102043,4.516601562499999,4.824081632653062,2.3193359374999996,2.4611428571428573,13.0,12.0
12,0,27,6,7,9,30,16,17,27,0,6,7,9,30,16,17,27,0,18,0,0,-2.3193359374999996,2.1972656249999996,-2.3629387755102043,2.3083809523809524,4.516601562499999,4.671319727891157,2.3193359374999996,2.3629387755102043,13.0,13.0
35,0,29,6,7,3,30,16,17,21,0,6,7,9,30,16,17,21,0,21,1,0,-2.3193359374999996,2.1972656249999996,-2.3302040816326532,2.232,4.516601562499999,4.562204081632654,2.3193359374999996,2.3302040816326532,13.0,13.0
16,0,25,6,7,9,30,16,17,18,0,6,7,12,30,16,17,21,3,15,1,0,-2.3193359374999996,2.1972656249999996,-2.422952380952381,2.3083809523809524,4.516601562499999,4.731333333333334,2.3193359374999996,2.422952380952381,13.0,12.0
78,0,31,6,7,9,27,16,17,24,0,6,7,9,27,16,17,24,0,15,0,0,-2.3193359374999996,2.1972656249999996,-2.384761904761905,2.317928571428572,4.516601562499999,4.702690476190477,2.3193359374999996,2.384761904761905,13.0,13.0
92,0,30,6,7,12,24,16,17,21,0,6,7,12,24,16,17,21,0,15,0,0,-2.3193359374999996,2.3193359374999996,-2.403857142857143,2.2974693877551022,4.638671874999999,4.701326530612246,2.3193359374999996,2.403857142857143,13.0,12.0
80,0,36,6,7,9,27,16,17,33,0,6,7,12,27,16,17,36,3,18,1,0,-2.3193359374999996,2.3193359374999996,-2.3694857142857146,2.356987012987013,4.638671874999999,4.726472727272728,2.3193359374999996,2.3694857142857146,13.0,13.0
56,0,35,6,7,0,30,16,17,24,0,6,7,0,30,16,17,24,3,15,1,0,-2.1972656249999996,2.1972656249999996,-2.346571428571429,2.3302040816326532,4.394531249999999,4.676775510204083,2.1972656249999996,2.346571428571429,14.0,13.0
117,0,28,6,7,0,27,14,15,42,15,6,7,3,27,14,15,42,15,18,1,0,-2.3193359374999996,2.0751953124999996,-2.317928571428572,2.1436825396825396,4.394531249999999,4.461611111111111,2.3193359374999996,2.317928571428572,13.0,13.0
46,0,36,6,7,12,33,16,17,27,0,6,7,12,33,16,17,27,6,15,1,0,-2.3193359374999996,2.1972656249999996,-2.4284081632653063,2.3629387755102043,4.516601562499999,4.7913469387755105,2.3193359374999996,2.4284081632653063,13.0,12.0
100,0,36,5,6,0,21,16,17,36,0,5,6,0,21,16,17,36,0,18,0,0,-2.4414062499999996,2.3193359374999996,-2.5019591836734696,2.346571428571429,4.760742187499999,4.848530612244899,2.4414062499999996,2.5019591836734696,12.0,12.0
5,0,35,6,7,6,33,17,18,15,0,6,7,6,33,17,18,15,3,15,1,0,-2.3193359374999996,2.4414062499999996,-2.384761904761905,2.4611428571428573,4.760742187499999,4.845904761904762,2.4414062499999996,2.4611428571428573,12.0,12.0
117,0,27,6,7,9,24,16,17,21,0,6,7,9,24,16,17,24,0,18,1,0,-2.3193359374999996,2.1972656249999996,-2.323657142857143,2.2892857142857146,4.516601562499999,4.6129428571428575,2.3193359374999996,2.323657142857143,13.0,13.0
96,0,29,6,7,6,27,16,17,21,0,6,7,9,27,16,17,21,3,12,1,0,-2.3193359374999996,2.1972656249999996,-2.422952380952381,2.346571428571429,4.516601562499999,4.76952380952381,2.3193359374999996,2.422952380952381,13.0,12.0
48,0,34,6,7,6,33,16,17,18,0,6,7,9,33,16,17,18,6,15,1,0,-2.3193359374999996,2.0751953124999996,-2.403857142857143,2.2892857142857146,4.394531249999999,4.693142857142858,2.3193359374999996,2.403857142857143,13.0,12.0
24,0,26,7,8,15,21,16,17,24,0,7,8,18,21,16,17,24,0,18,1,0,-2.1972656249999996,2.1972656249999996,-2.232,2.2892857142857146,4.394531249999999,4.521285714285715,2.1972656249999996,2.2892857142857146,14.0,13.0
21,0,32,5,6,0,9,16,17,27,0,5,6,0,12,16,17,27,0,6,1,0,-2.1972656249999996,2.1972656249999996,-2.604,2.4102222222222225,4.394531249999999,5.014222222222223,2.1972656249999996,2.604,14.0,12.0
13,0,35,6,7,12,39,16,17,30,9,6,7,15,39,16,17,30,9,18,1,0,-2.3193359374999996,2.3193359374999996,-2.4325,2.3629387755102043,4.638671874999999,4.795438775510204,2.3193359374999996,2.4325,13.0,12.0
43,0,35,6,7,0,27,16,17,24,9,6,7,0,27,16,17,24,9,18,0,0,-2.3193359374999996,2.3193359374999996,-2.3083809523809524,2.323657142857143,4.638671874999999,4.632038095238095,2.3193359374999996,2.323657142857143,13.0,13.0
39,0,36,6,7,15,30,16,17,24,0,5,6,0,18,16,17,24,3,15,1,0,-2.4414062499999996,2.3193359374999996,-2.5087619047619047,2.3302040816326532,4.760742187499999,4.838965986394558,2.4414062499999996,2.5087619047619047,12.0,12.0
117,0,31,6,7,12,33,16,17,27,0,6,7,12,33,16,17,27,6,15,1,0,-2.3193359374999996,2.3193359374999996,-2.4284081632653063,2.3629387755102043,4.638671874999999,4.7913469387755105,2.3193359374999996,2.4284081632653063,13.0,12.0
36,0,32,6,7,12,27,16,17,24,0,6,7,12,27,16,17,24,6,15,1,0,-2.4414062499999996,2.3193359374999996,-2.415314285714286,2.346571428571429,4.760742187499999,4.7618857142857145,2.4414062499999996,2.415314285714286,12.0,12.0
28,0,28,6,7,0,30,16,17,18,0,6,7,3,30,16,17,18,0,15,1,0,-2.3193359374999996,2.1972656249999996,-2.3593015873015877,2.2701904761904763,4.516601562499999,4.629492063492064,2.3193359374999996,2.3593015873015877,13.0,13.0
40,0,25,6,7,6,24,16,17,24,0,6,7,9,24,16,17,24,0,15,1,0,-2.1972656249999996,2.1972656249999996,-2.3694857142857146,2.317928571428572,4.394531249999999,4.687414285714286,2.1972656249999996,2.3694857142857146,14.0,13.0
98,0,33,6,7,12,33,16,17,21,0,6,7,12,33,16,17,21,6,18,1,0,-2.3193359374999996,2.1972656249999996,-2.3956734693877553,2.2778285714285715,4.516601562499999,4.673502040816327,2.3193359374999996,2.3956734693877553,13.0,13.0
81,0,25,6,7,0,21,16,17,27,0,6,7,3,21,16,17,27,3,15,1,0,-2.3193359374999996,2.3193359374999996,-2.3083809523809524,2.346571428571429,4.638671874999999,4.654952380952381,2.3193359374999996,2.346571428571429,13.0,13.0
42,0,25,7,8,9,27,16,17,18,0,7,8,6,27,15,16,18,15,18,1,0,-2.1972656249999996,2.0751953124999996,-2.199673469387755,2.1754285714285713,4.272460937499999,4.375102040816326,2.1972656249999996,2.199673469387755,14.0,14.0
85,0,33,6,7,6,27,16,17,21,0,6,7,6,27,16,17,21,0,15,0,0,-2.3193359374999996,2.1972656249999996,-2.3629387755102043,2.2974693877551022,4.516601562499999,4.6604081632653065,2.3193359374999996,2.3629387755102043,13.0,13.0
114,0,28,6,7,0,24,16,17,21,0,6,7,6,24,16,17,24,0,15,1,0,-2.1972656249999996,2.1972656249999996,-2.346571428571429,2.317928571428572,4.394531249999999,4.6645,2.1972656249999996,2.346571428571429,14.0,13.0
56,0,33,6,7,6,30,16,17,30,0,6,7,9,30,16,17,30,0,18,1,0,-2.1972656249999996,2.3193359374999996,-2.3629387755102043,2.323657142857143,4.516601562499999,4.686595918367347,2.3193359374999996,2.3629387755102043,13.0,13.0
97,0,35,7,8,15,30,16,17,27,0,7,8,18,30,16,17,27,6,18,1,0,-2.3193359374999996,2.3193359374999996,-2.232,2.3302040816326532,4.638671874999999,4.562204081632654,2.3193359374999996,2.3302040816326532,13.0,13.0
24,0,27,6,7,3,30,16,17,21,0,6,7,9,30,16,17,24,0,15,1,0,-2.1972656249999996,2.1972656249999996,-2.3956734693877553,2.317928571428572,4.394531249999999,4.713602040816327,2.1972656249999996,2.3956734693877553,14.0,13.0
105,0,32,6,7,12,24,16,17,27,0,6,7,15,24,16,17,27,6,15,1,0,-2.4414062499999996,2.1972656249999996,-2.4611428571428573,2.3629387755102043,4.638671874999999,4.824081632653062,2.4414062499999996,2.4611428571428573,12.0,12.0
105,0,36,5,6,0,24,16,17,30,0,5,6,0,24,16,17,30,0,15,0,0,-2.4414062499999996,2.3193359374999996,-2.5682857142857145,2.346571428571429,4.760742187499999,4.9148571428571435,2.4414062499999996,2.5682857142857145,12.0,12.0
81,0,36,5,6,0,18,16,17,30,0,5,6,0,18,16,17,30,6,15,1,0,-2.4414062499999996,2.1972656249999996,-2.5087619047619047,2.3752142857142857,4.638671874999999,4.88397619047619,2.4414062499999996,2.5087619047619047,12.0,12.0
95,0,32,6,7,6,30,16,17,18,0,6,7,9,30,16,17,18,0,18,1,0,-2.3193359374999996,2.1972656249999996,-2.3629387755102043,2.232,4.516601562499999,4.5949387755102045,2.3193359374999996,2.3629387755102043,13.0,13.0
111,0,25,6,7,6,27,16,17,12,0,6,7,9,27,16,17,15,0,12,1,0,-2.3193359374999996,2.0751953124999996,-2.422952380952381,2.2778285714285715,4.394531249999999,4.700780952380953,2.3193359374999996,2.422952380952381,13.0,12.0
48,0,34,6,7,6,33,16,17,18,0,6,7,9,33,16,17,18,6,15,1,0,-2.3193359374999996,2.0751953124999996,-2.403857142857143,2.2892857142857146,4.394531249999999,4.693142857142858,2.3193359374999996,2.403857142857143,13.0,12.0
29,0,25,6,7,0,27,16,17,27,0,6,7,3,27,16,17,27,0,9,1,0,-2.3193359374999996,2.3193359374999996,-2.403857142857143,2.384761904761905,4.638671874999999,4.788619047619048,2.3193359374999996,2.403857142857143,13.0,12.0
4,0,29,6,7,0,30,14,15,36,6,6,7,6,30,14,15,36,6,15,1,0,-2.1972656249999996,2.0751953124999996,-2.3752142857142857,2.0897142857142854,4.272460937499999,4.464928571428571,2.1972656249999996,2.3752142857142857,14.0,13.0
98,0,27,6,7,6,24,16,17,21,0,6,7,9,24,16,17,21,0,15,1,0,-2.3193359374999996,2.1972656249999996,-2.3694857142857146,2.2974693877551022,4.516601562499999,4.666955102040816,2.3193359374999996,2.3694857142857146,13.0,13.0
39,0,27,6,7,0,33,16,17,21,0,6,7,0,36,16,17,21,0,12,1,0,-2.3193359374999996,2.1972656249999996,-2.384761904761905,2.3302040816326532,4.516601562499999,4.714965986394558,2.3193359374999996,2.384761904761905,13.0,13.0
6,0,29,6,7,9,30,15,16,15,12,6,7,12,30,16,17,15,0,15,1,0,-2.1972656249999996,2.0751953124999996,-2.422952380952381,2.232,4.272460937499999,4.654952380952381,2.1972656249999996,2.422952380952381,14.0,12.0
80,0,31,7,8,15,30,16,17,27,0,7,8,18,30,16,17,27,0,18,1,0,-2.3193359374999996,2.3193359374999996,-2.232,2.3083809523809524,4.638671874999999,4.540380952380953,2.3193359374999996,2.3083809523809524,13.0,13.0
1,0,33,6,7,3,18,16,17,27,6,6,7,9,18,16,17,27,9,12,1,0,-2.3193359374999996,2.3193359374999996,-2.384761904761905,2.422952380952381,4.638671874999999,4.807714285714287,2.3193359374999996,2.422952380952381,13.0,12.0
51,0,31,6,7,0,39,16,17,24,0,6,7,0,39,16,17,24,0,12,0,0,-2.3193359374999996,2.1972656249999996,-2.3906373626373627,2.346571428571429,4.516601562499999,4.737208791208792,2.3193359374999996,2.3906373626373627,13.0,13.0
42,0,33,6,7,0,33,16,17,18,0,6,7,3,33,16,17,18,0,18,1,0,-2.3193359374999996,2.0751953124999996,-2.346571428571429,2.232,4.394531249999999,4.578571428571429,2.3193359374999996,2.346571428571429,13.0,13.0
28,0,33,6,7,0,30,16,17,30,3,6,7,0,30,16,17,30,0,18,1,0,-2.3193359374999996,2.3193359374999996,-2.323657142857143,2.323657142857143,4.638671874999999,4.647314285714286,2.3193359374999996,2.323657142857143,13.0,13.0
11,0,30,7,8,18,24,16,17,30,0,7,8,18,24,16,17,30,3,18,1,0,-2.3193359374999996,2.3193359374999996,-2.232,2.33384126984127,4.638671874999999,4.56584126984127,2.3193359374999996,2.33384126984127,13.0,13.0
41,0,30,7,8,18,27,16,17,27,0,6,7,6,21,16,17,27,3,18,1,0,-2.1972656249999996,2.3193359374999996,-2.2778285714285715,2.317928571428572,4.516601562499999,4.595757142857144,2.3193359374999996,2.317928571428572,13.0,13.0
65,0,30,6,7,0,33,16,17,18,0,6,7,6,33,16,17,18,0,18,1,0,-2.3193359374999996,2.1972656249999996,-2.3593015873015877,2.232,4.516601562499999,4.591301587301588,2.3193359374999996,2.3593015873015877,13.0,13.0
24,0,26,7,8,15,21,16,17,24,0,7,8,18,21,16,17,24,0,18,1,0,-2.1972656249999996,2.1972656249999996,-2.232,2.2892857142857146,4.394531249999999,4.521285714285715,2.1972656249999996,2.2892857142857146,14.0,13.0
57,0,36,5,6,0,18,16,17,27,0,5,6,0,18,16,17,27,0,15,0,0,-2.4414062499999996,2.3193359374999996,-2.5087619047619047,2.33384126984127,4.760742187499999,4.842603174603175,2.4414062499999996,2.5087619047619047,12.0,12.0
91,0,27,6,7,9,27,16,17,21,0,6,7,9,27,16,17,21,6,12,1,0,-2.3193359374999996,2.1972656249999996,-2.422952380952381,2.3694857142857146,4.516601562499999,4.792438095238095,2.3193359374999996,2.422952380952381,13.0,12.0
100,0,25,6,7,3,30,16,17,21,0,6,7,9,30,16,17,21,0,15,1,0,-2.3193359374999996,2.1972656249999996,-2.3956734693877553,2.2974693877551022,4.516601562499999,4.693142857142858,2.3193359374999996,2.3956734693877553,13.0,13.0
101,0,31,7,8,15,33,15,16,21,12,6,7,6,18,15,16,21,12,15,1,0,-2.3193359374999996,2.0751953124999996,-2.2892857142857146,2.213142857142857,4.394531249999999,4.502428571428572,2.3193359374999996,2.2892857142857146,13.0,13.0
108,0,29,6,7,12,27,16,17,30,0,6,7,12,27,16,17,30,0,12,0,0,-2.3193359374999996,2.1972656249999996,-2.4611428571428573,2.3694857142857146,4.516601562499999,4.830628571428572,2.3193359374999996,2.4611428571428573,13.0,12.0
76,0,32,6,7,0,36,16,17,24,0,6,7,3,36,16,17,24,0,15,1,0,-2.3193359374999996,2.3193359374999996,-2.377818181818182,2.317928571428572,4.638671874999999,4.695746753246754,2.3193359374999996,2.377818181818182,13.0,13.0
30,0,32,6,7,0,21,16,17,30,0,6,7,0,21,16,17,30,6,15,1,0,-2.3193359374999996,2.3193359374999996,-2.2974693877551022,2.3752142857142857,4.638671874999999,4.672683673469388,2.3193359374999996,2.3752142857142857,13.0,13.0
92,0,28,7,8,15,30,16,17,18,0,6,7,6,18,16,17,18,3,15,1,0,-2.3193359374999996,2.3193359374999996,-2.2892857142857146,2.2778285714285715,4.638671874999999,4.567114285714286,2.3193359374999996,2.2892857142857146,13.0,13.0
113,0,27,6,7,6,30,16,17,27,0,6,7,6,30,16,17,27,3,12,1,0,-2.3193359374999996,2.3193359374999996,-2.403857142857143,2.3752142857142857,4.638671874999999,4.779071428571429,2.3193359374999996,2.403857142857143,13.0,12.0
44,0,33,6,7,6,33,16,17,27,0,6,7,6,33,16,17,27,0,12,0,0,-2.3193359374999996,2.1972656249999996,-2.4102222222222225,2.3593015873015877,4.516601562499999,4.76952380952381,2.3193359374999996,2.4102222222222225,13.0,12.0
15,0,36,6,7,18,36,14,15,33,12,5,6,0,21,14,15,33,12,18,1,0,-2.4414062499999996,2.0751953124999996,-2.5019591836734696,2.0937959183673467,4.516601562499999,4.595755102040816,2.4414062499999996,2.5019591836734696,12.0,12.0
113,0,28,6,7,9,24,16,17,21,3,6,7,9,24,16,17,21,6,15,1,0,-2.3193359374999996,2.1972656249999996,-2.3694857142857146,2.323657142857143,4.516601562499999,4.693142857142858,2.3193359374999996,2.3694857142857146,13.0,13.0
66,0,31,6,7,6,33,16,17,21,0,6,7,9,33,16,17,21,0,15,1,0,-2.3193359374999996,2.1972656249999996,-2.403857142857143,2.2974693877551022,4.516601562499999,4.701326530612246,2.3193359374999996,2.403857142857143,13.0,12.0
45,0,25,6,7,6,27,16,17,27,0,6,7,6,27,16,17,27,0,12,0,0,-2.3193359374999996,2.1972656249999996,-2.3956734693877553,2.3593015873015877,4.516601562499999,4.754975056689343,2.3193359374999996,2.3956734693877553,13.0,13.0
40,0,27,6,7,6,18,16,17,15,0,6,7,6,18,16,17,15,6,12,1,0,-2.3193359374999996,2.0751953124999996,-2.346571428571429,2.3083809523809524,4.394531249999999,4.654952380952381,2.3193359374999996,2.346571428571429,13.0,13.0
1,0,32,6,7,12,36,16,17,24,0,6,7,15,36,16,17,24,0,15,1,0,-2.4414062499999996,2.1972656249999996,-2.4611428571428573,2.317928571428572,4.638671874999999,4.779071428571429,2.4414062499999996,2.4611428571428573,12.0,12.0
37,0,35,6,7,0,30,16,17,27,0,6,7,6,30,16,17,27,6,18,1,0,-2.3193359374999996,2.3193359374999996,-2.346571428571429,2.3302040816326532,4.638671874999999,4.676775510204083,2.3193359374999996,2.346571428571429,13.0,13.0
46,0,28,6,7,0,33,16,17,24,0,6,7,0,33,16,17,24,0,15,0,0,-2.3193359374999996,2.1972656249999996,-2.356987012987013,2.317928571428572,4.516601562499999,4.674915584415585,2.3193359374999996,2.356987012987013,13.0,13.0
50,0,33,6,7,0,24,16,17,24,0,6,7,6,24,16,17,24,6,18,1,0,-2.3193359374999996,2.1972656249999996,-2.3083809523809524,2.3083809523809524,4.516601562499999,4.616761904761905,2.3193359374999996,2.3083809523809524,13.0,13.0
5,0,31,6,7,6,30,15,16,27,12,6,7,6,30,15,16,27,9,15,1,0,-2.3193359374999996,2.1972656249999996,-2.3752142857142857,2.213142857142857,4.516601562499999,4.588357142857143,2.3193359374999996,2.3752142857142857,13.0,13.0
90,0,31,6,7,0,33,16,17,21,0,6,7,6,33,16,17,21,6,12,1,0,-2.3193359374999996,2.1972656249999996,-2.4102222222222225,2.3694857142857146,4.516601562499999,4.779707936507937,2.3193359374999996,2.4102222222222225,13.0,12.0
14,0,28,6,7,9,27,16,17,30,0,6,7,12,27,16,17,30,9,15,1,1,-2.3193359374999996,2.3193359374999996,-2.415314285714286,2.3956734693877553,4.638671874999999,4.810987755102041,2.3193359374999996,2.415314285714286,13.0,12.0
27,0,28,6,7,0,30,16,17,27,0,6,7,0,30,16,17,27,0,18,0,0,-2.3193359374999996,2.1972656249999996,-2.323657142857143,2.3083809523809524,4.516601562499999,4.632038095238095,2.3193359374999996,2.323657142857143,13.0,13.0
12,0,30,6,7,9,36,16,17,24,3,6,7,9,36,16,17,24,6,15,1,0,-2.3193359374999996,2.3193359374999996,-2.4102222222222225,2.346571428571429,4.638671874999999,4.756793650793652,2.3193359374999996,2.4102222222222225,13.0,12.0
72,0,27,6,7,3,21,16,17,27,0,6,7,3,21,16,17,27,0,12,0,0,-2.3193359374999996,2.3193359374999996,-2.346571428571429,2.3593015873015877,4.638671874999999,4.705873015873017,2.3193359374999996,2.3593015873015877,13.0,13.0
22,0,31,6,7,0,33,15,16,18,15,6,7,3,36,16,17,18,0,18,1,0,-2.3193359374999996,2.0751953124999996,-2.356987012987013,2.232,4.394531249999999,4.588987012987014,2.3193359374999996,2.356987012987013,13.0,13.0
120,0,28,6,7,0,33,16,17,24,0,6,7,0,33,16,17,21,0,12,1,0,-2.3193359374999996,2.3193359374999996,-2.377818181818182,2.3302040816326532,4.638671874999999,4.708022263450835,2.3193359374999996,2.377818181818182,13.0,13.0
119,0,32,6,7,12,36,16,17,33,0,6,7,12,36,16,17,33,0,15,0,0,-2.3193359374999996,2.3193359374999996,-2.4325,2.356987012987013,4.638671874999999,4.7894870129870135,2.3193359374999996,2.4325,13.0,12.0
81,0,25,6,7,0,21,16,17,27,0,6,7,3,21,16,17,27,3,15,1,0,-2.3193359374999996,2.3193359374999996,-2.3083809523809524,2.346571428571429,4.638671874999999,4.654952380952381,2.3193359374999996,2.346571428571429,13.0,13.0
48,0,33,6,7,0,30,15,16,24,3,6,7,6,30,15,16,24,9,12,1,0,-2.3193359374999996,2.1972656249999996,-2.403857142857143,2.2206857142857146,4.516601562499999,4.624542857142858,2.3193359374999996,2.403857142857143,13.0,12.0
1,0,35,6,7,12,33,16,17,24,9,5,6,3,15,17,18,12,3,12,1,0,-2.4414062499999996,2.3193359374999996,-2.532571428571429,2.4611428571428573,4.760742187499999,4.993714285714287,2.4414062499999996,2.532571428571429,12.0,12.0
5,0,30,6,7,3,33,16,17,30,0,6,7,3,33,16,17,30,6,12,1,0,-2.3193359374999996,2.3193359374999996,-2.3924000000000003,2.403857142857143,4.638671874999999,4.796257142857144,2.3193359374999996,2.403857142857143,13.0,12.0
97,0,25,6,7,6,21,16,17,18,0,6,7,6,21,16,17,18,0,18,0,0,-2.1972656249999996,2.0751953124999996,-2.2778285714285715,2.232,4.272460937499999,4.509828571428572,2.1972656249999996,2.2778285714285715,14.0,13.0
9,0,36,6,7,18,39,16,17,24,6,6,7,18,39,16,17,24,9,21,1,0,-2.4414062499999996,2.3193359374999996,-2.4284081632653063,2.2778285714285715,4.760742187499999,4.706236734693878,2.4414062499999996,2.4284081632653063,12.0,12.0
84,0,32,6,7,0,30,15,16,21,12,6,7,0,30,15,16,21,12,15,0,0,-2.3193359374999996,2.0751953124999996,-2.346571428571429,2.213142857142857,4.394531249999999,4.559714285714286,2.3193359374999996,2.346571428571429,13.0,13.0
23,0,26,6,7,0,30,15,16,21,15,6,7,0,30,15,16,21,15,21,0,0,-2.3193359374999996,1.9531249999999998,-2.300742857142857,2.1754285714285713,4.272460937499999,4.476171428571428,2.3193359374999996,2.300742857142857,13.0,13.0
88,0,35,6,7,3,33,16,17,30,0,6,7,6,33,16,17,30,9,18,1,1,-2.3193359374999996,2.3193359374999996,-2.3593015873015877,2.3629387755102043,4.638671874999999,4.722240362811792,2.3193359374999996,2.3629387755102043,13.0,13.0
79,0,34,6,7,9,33,16,17,30,0,6,7,15,33,16,17,30,6,18,1,0,-2.3193359374999996,2.1972656249999996,-2.422952380952381,2.346571428571429,4.516601562499999,4.76952380952381,2.3193359374999996,2.422952380952381,13.0,12.0
103,0,34,5,6,0,18,16,17,18,0,5,6,0,18,16,17,18,0,15,0,0,-2.4414062499999996,2.1972656249999996,-2.5087619047619047,2.2701904761904763,4.638671874999999,4.778952380952381,2.4414062499999996,2.5087619047619047,12.0,12.0
64,0,31,6,7,3,27,16,17,24,0,6,7,9,27,16,17,24,3,12,1,0,-2.3193359374999996,2.3193359374999996,-2.422952380952381,2.3629387755102043,4.638671874999999,4.7858911564625854,2.3193359374999996,2.422952380952381,13.0,12.0
117,0,25,6,7,9,30,16,17,21,0,5,6,0,12,16,17,21,0,9,1,0,-2.3193359374999996,2.1972656249999996,-2.532571428571429,2.3629387755102043,4.516601562499999,4.895510204081633,2.3193359374999996,2.532571428571429,13.0,12.0
94,0,31,6,7,9,27,16,17,30,0,6,7,9,27,16,17,30,6,18,1,0,-2.3193359374999996,2.1972656249999996,-2.346571428571429,2.346571428571429,4.516601562499999,4.693142857142858,2.3193359374999996,2.346571428571429,13.0,13.0
10,0,30,6,7,0,24,16,17,15,0,6,7,3,24,16,17,18,0,12,1,0,-2.3193359374999996,2.1972656249999996,-2.3629387755102043,2.3083809523809524,4.516601562499999,4.671319727891157,2.3193359374999996,2.3629387755102043,13.0,13.0
56,0,36,6,7,12,33,16,17,24,0,6,7,12,33,16,17,24,0,18,0,0,-2.3193359374999996,2.1972656249999996,-2.3956734693877553,2.2892857142857146,4.516601562499999,4.68495918367347,2.3193359374999996,2.3956734693877553,13.0,13.0
125,0,26,6,7,3,30,15,16,24,18,6,7,6,30,15,16,24,21,24,1,0,-2.3193359374999996,2.1972656249999996,-2.2892857142857146,2.1754285714285713,4.516601562499999,4.464714285714286,2.3193359374999996,2.2892857142857146,13.0,13.0
39,0,32,6,7,6,33,15,16,21,12,6,7,6,33,16,17,15,6,15,1,0,-2.3193359374999996,2.1972656249999996,-2.384761904761905,2.232,4.516601562499999,4.616761904761905,2.3193359374999996,2.384761904761905,13.0,13.0
76,0,35,6,7,0,27,16,17,24,6,6,7,0,30,16,17,24,9,12,1,0,-2.3193359374999996,2.3193359374999996,-2.3694857142857146,2.415314285714286,4.638671874999999,4.784800000000001,2.3193359374999996,2.415314285714286,13.0,12.0
115,0,31,6,7,15,27,16,17,27,0,5,6,0,15,16,17,27,0,12,1,0,-2.1972656249999996,2.1972656249999996,-2.5182857142857142,2.3593015873015877,4.394531249999999,4.877587301587302,2.1972656249999996,2.5182857142857142,14.0,12.0
46,0,27,6,7,3,27,16,17,27,0,6,7,6,27,16,17,27,3,15,1,0,-2.3193359374999996,2.1972656249999996,-2.3629387755102043,2.346571428571429,4.516601562499999,4.709510204081633,2.3193359374999996,2.3629387755102043,13.0,13.0
22,0,28,6,7,3,30,16,17,27,0,6,7,6,30,16,17,30,0,15,1,0,-2.3193359374999996,2.3193359374999996,-2.3752142857142857,2.346571428571429,4.638671874999999,4.721785714285715,2.3193359374999996,2.3752142857142857,13.0,13.0
100,0,30,6,7,0,24,16,17,27,0,6,7,0,24,16,17,27,3,12,1,0,-2.1972656249999996,2.1972656249999996,-2.346571428571429,2.3752142857142857,4.394531249999999,4.721785714285715,2.1972656249999996,2.3752142857142857,14.0,13.0
52,0,35,6,7,6,21,15,16,24,9,6,7,6,21,17,18,15,3,15,0,1,-2.3193359374999996,2.3193359374999996,-2.323657142857143,2.4611428571428573,4.638671874999999,4.784800000000001,2.3193359374999996,2.4611428571428573,13.0,12.0
43,0,36,6,7,9,24,16,17,33,0,6,7,12,24,16,17,33,9,18,1,1,-2.3193359374999996,2.3193359374999996,-2.346571428571429,2.3752142857142857,4.638671874999999,4.721785714285715,2.3193359374999996,2.3752142857142857,13.0,13.0
51,0,32,6,7,12,27,16,17,24,0,6,7,15,27,16,17,24,6,18,1,0,-2.4414062499999996,2.3193359374999996,-2.403857142857143,2.3083809523809524,4.760742187499999,4.712238095238096,2.4414062499999996,2.403857142857143,12.0,12.0
26,0,34,6,7,9,27,16,17,27,0,6,7,9,27,16,17,27,3,15,1,0,-2.3193359374999996,2.3193359374999996,-2.384761904761905,2.346571428571429,4.638671874999999,4.731333333333334,2.3193359374999996,2.384761904761905,13.0,13.0
71,0,31,6,7,9,33,16,17,30,0,6,7,9,33,16,17,30,6,15,1,0,-2.3193359374999996,2.1972656249999996,-2.403857142857143,2.3752142857142857,4.516601562499999,4.779071428571429,2.3193359374999996,2.403857142857143,13.0,12.0
58,0,31,6,7,9,27,16,17,27,0,6,7,12,27,16,17,27,0,12,1,0,-2.3193359374999996,2.1972656249999996,-2.4611428571428573,2.3593015873015877,4.516601562499999,4.820444444444445,2.3193359374999996,2.4611428571428573,13.0,12.0
56,0,34,6,7,0,33,16,17,24,0,6,7,3,33,16,17,24,3,21,1,0,-2.1972656249999996,2.3193359374999996,-2.323657142857143,2.264734693877551,4.516601562499999,4.588391836734694,2.3193359374999996,2.323657142857143,13.0,13.0
74,0,31,6,7,3,30,16,17,27,0,6,7,6,30,16,17,27,6,12,1,0,-2.3193359374999996,2.1972656249999996,-2.403857142857143,2.3956734693877553,4.516601562499999,4.799530612244898,2.3193359374999996,2.403857142857143,13.0,12.0
60,0,34,6,7,6,33,16,17,27,0,6,7,9,33,16,17,27,0,12,1,0,-2.3193359374999996,2.3193359374999996,-2.4325,2.3593015873015877,4.638671874999999,4.791801587301588,2.3193359374999996,2.4325,13.0,12.0
58,0,33,6,7,6,27,16,17,30,0,6,7,9,27,16,17,30,3,12,1,0,-2.3193359374999996,2.1972656249999996,-2.422952380952381,2.384761904761905,4.516601562499999,4.807714285714287,2.3193359374999996,2.422952380952381,13.0,12.0
101,0,25,6,7,0,33,16,17,12,0,6,7,0,33,16,17,15,0,12,1,0,-2.3193359374999996,2.0751953124999996,-2.377818181818182,2.2778285714285715,4.394531249999999,4.655646753246753,2.3193359374999996,2.377818181818182,13.0,13.0
8,0,35,6,7,6,27,16,17,24,12,6,7,9,27,16,17,24,12,15,1,0,-2.3193359374999996,2.3193359374999996,-2.384761904761905,2.403857142857143,4.638671874999999,4.788619047619048,2.3193359374999996,2.403857142857143,13.0,12.0
47,0,35,6,7,9,24,16,17,27,3,6,7,9,24,16,17,27,6,15,1,0,-2.3193359374999996,2.3193359374999996,-2.3694857142857146,2.3629387755102043,4.638671874999999,4.732424489795919,2.3193359374999996,2.3694857142857146,13.0,13.0
22,0,25,6,7,0,33,16,17,21,0,6,7,6,33,16,17,24,0,9,1,0,-2.3193359374999996,2.3193359374999996,-2.43568253968254,2.3752142857142857,4.638671874999999,4.810896825396826,2.3193359374999996,2.43568253968254,13.0,12.0
76,0,36,6,7,6,24,16,17,18,6,6,7,6,24,16,17,18,6,12,0,0,-2.1972656249999996,2.3193359374999996,-2.384761904761905,2.346571428571429,4.516601562499999,4.731333333333334,2.3193359374999996,2.384761904761905,13.0,13.0
124,0,30,6,7,9,33,16,17,24,0,6,7,9,33,16,17,24,0,12,0,0,-2.3193359374999996,2.1972656249999996,-2.4325,2.346571428571429,4.516601562499999,4.779071428571429,2.3193359374999996,2.4325,13.0,12.0
46,0,31,6,7,0,33,16,17,18,0,6,7,0,33,16,17,18,0,15,0,0,-2.3193359374999996,2.1972656249999996,-2.356987012987013,2.2701904761904763,4.516601562499999,4.627177489177489,2.3193359374999996,2.356987012987013,13.0,13.0
61,0,33,6,7,3,24,16,17,18,0,6,7,6,24,16,17,18,0,15,1,0,-2.1972656249999996,2.3193359374999996,-2.346571428571429,2.2701904761904763,4.516601562499999,4.616761904761905,2.3193359374999996,2.346571428571429,13.0,13.0
11,0,29,6,7,6,30,16,17,27,0,6,7,9,30,16,17,30,0,15,1,0,-2.3193359374999996,2.3193359374999996,-2.3956734693877553,2.346571428571429,4.638671874999999,4.742244897959184,2.3193359374999996,2.3956734693877553,13.0,13.0
92,0,34,6,7,18,36,16,17,21,0,6,7,18,36,16,17,21,3,18,1,0,-2.4414062499999996,2.1972656249999996,-2.4611428571428573,2.2701904761904763,4.638671874999999,4.731333333333334,2.4414062499999996,2.4611428571428573,12.0,12.0
70,0,31,6,7,12,36,16,17,27,0,6,7,12,36,16,17,27,6,15,1,0,-2.3193359374999996,2.1972656249999996,-2.4325,2.3629387755102043,4.516601562499999,4.795438775510204,2.3193359374999996,2.4325,13.0,12.0
43,0,27,6,7,0,27,16,17,18,0,6,7,3,27,16,17,18,0,15,1,0,-2.3193359374999996,2.1972656249999996,-2.346571428571429,2.2701904761904763,4.516601562499999,4.616761904761905,2.3193359374999996,2.346571428571429,13.0,13.0
14,0,36,5,6,0,27,16,17,21,12,5,6,0,27,16,17,21,12,15,0,0,-2.4414062499999996,2.3193359374999996,-2.5881269841269843,2.384761904761905,4.760742187499999,4.972888888888889,2.4414062499999996,2.5881269841269843,12.0,12.0
110,0,27,6,7,6,27,16,17,27,0,6,7,6,27,16,17,27,0,15,0,0,-2.3193359374999996,2.1972656249999996,-2.3629387755102043,2.33384126984127,4.516601562499999,4.696780045351474,2.3193359374999996,2.3629387755102043,13.0,13.0
95,0,35,6,7,9,27,16,17,27,0,6,7,9,27,16,17,27,3,15,1,0,-2.3193359374999996,2.3193359374999996,-2.384761904761905,2.346571428571429,4.638671874999999,4.731333333333334,2.3193359374999996,2.384761904761905,13.0,13.0
38,0,25,6,7,0,30,16,17,21,0,6,7,0,30,16,17,21,6,15,1,0,-2.3193359374999996,2.1972656249999996,-2.346571428571429,2.323657142857143,4.516601562499999,4.670228571428572,2.3193359374999996,2.346571428571429,13.0,13.0
108,0,29,6,7,12,27,16,17,30,0,6,7,12,27,16,17,30,0,12,0,0,-2.3193359374999996,2.1972656249999996,-2.4611428571428573,2.3694857142857146,4.516601562499999,4.830628571428572,2.3193359374999996,2.4611428571428573,13.0,12.0
1,0,30,6,7,12,33,16,17,24,0,6,7,12,33,16,17,27,6,18,1,0,-2.3193359374999996,2.3193359374999996,-2.3956734693877553,2.3302040816326532,4.638671874999999,4.7258775510204085,2.3193359374999996,2.3956734693877553,13.0,13.0
85,0,33,6,7,6,27,16,17,21,0,6,7,6,27,16,17,21,0,15,0,0,-2.3193359374999996,2.1972656249999996,-2.3629387755102043,2.2974693877551022,4.516601562499999,4.6604081632653065,2.3193359374999996,2.3629387755102043,13.0,13.0
100,0,33,6,7,0,30,16,17,27,0,6,7,9,30,16,17,27,0,15,0,1,-2.3193359374999996,2.3193359374999996,-2.3956734693877553,2.33384126984127,4.638671874999999,4.729514739229025,2.3193359374999996,2.3956734693877553,13.0,13.0
36,0,28,6,7,3,30,16,17,21,0,6,7,9,30,16,17,21,6,9,1,0,-2.3193359374999996,2.1972656249999996,-2.4611428571428573,2.415314285714286,4.516601562499999,4.876457142857143,2.3193359374999996,2.4611428571428573,13.0,12.0
117,0,34,6,7,15,30,16,17,27,0,6,7,15,30,16,17,27,6,15,1,0,-2.4414062499999996,2.1972656249999996,-2.4611428571428573,2.3629387755102043,4.638671874999999,4.824081632653062,2.4414062499999996,2.4611428571428573,12.0,12.0
68,0,27,6,7,0,33,16,17,27,0,6,7,3,33,16,17,27,3,18,1,0,-2.3193359374999996,2.1972656249999996,-2.346571428571429,2.317928571428572,4.516601562499999,4.6645,2.3193359374999996,2.346571428571429,13.0,13.0
21,0,32,5,6,0,9,16,17,27,0,5,6,0,12,16,17,27,0,6,1,0,-2.1972656249999996,2.1972656249999996,-2.604,2.4102222222222225,4.394531249999999,5.014222222222223,2.1972656249999996,2.604,14.0,12.0
121,0,32,6,7,9,30,16,17,30,0,6,7,12,30,16,17,30,0,15,1,0,-2.3193359374999996,2.3193359374999996,-2.422952380952381,2.346571428571429,4.638671874999999,4.76952380952381,2.3193359374999996,2.422952380952381,13.0,12.0
22,0,32,6,7,9,30,16,17,27,0,6,7,12,30,16,17,27,0,12,1,0,-2.3193359374999996,2.3193359374999996,-2.4611428571428573,2.3593015873015877,4.638671874999999,4.820444444444445,2.3193359374999996,2.4611428571428573,13.0,12.0
22,0,35,6,7,9,30,16,17,27,0,6,7,9,30,16,17,27,0,15,0,0,-2.3193359374999996,2.3193359374999996,-2.3956734693877553,2.33384126984127,4.638671874999999,4.729514739229025,2.3193359374999996,2.3956734693877553,13.0,13.0
84,0,36,6,7,12,33,16,17,24,9,6,7,12,33,16,17,24,9,18,0,0,-2.3193359374999996,2.1972656249999996,-2.3956734693877553,2.323657142857143,4.516601562499999,4.719330612244898,2.3193359374999996,2.3956734693877553,13.0,13.0
74,0,36,5,6,0,18,16,17,33,0,5,6,0,18,16,17,33,0,15,0,0,-2.4414062499999996,2.3193359374999996,-2.5087619047619047,2.356987012987013,4.760742187499999,4.865748917748918,2.4414062499999996,2.5087619047619047,12.0,12.0
6,0,26,6,7,0,24,16,17,15,0,6,7,3,24,16,17,15,0,15,1,0,-2.1972656249999996,2.0751953124999996,-2.3302040816326532,2.232,4.272460937499999,4.562204081632654,2.1972656249999996,2.3302040816326532,14.0,13.0
104,0,27,6,7,9,36,16,17,18,0,6,7,9,36,16,17,18,3,15,1,0,-2.3193359374999996,2.0751953124999996,-2.4102222222222225,2.2778285714285715,4.394531249999999,4.688050793650794,2.3193359374999996,2.4102222222222225,13.0,12.0
49,0,34,6,7,15,36,16,17,30,0,6,7,18,36,16,17,30,3,18,1,0,-2.4414062499999996,2.3193359374999996,-2.4611428571428573,2.33384126984127,4.760742187499999,4.794984126984128,2.4414062499999996,2.4611428571428573,12.0,12.0
5,0,27,6,7,9,27,16,17,24,0,6,7,9,27,16,17,24,0,12,0,0,-2.3193359374999996,2.3193359374999996,-2.422952380952381,2.346571428571429,4.638671874999999,4.76952380952381,2.3193359374999996,2.422952380952381,13.0,12.0
104,0,28,6,7,0,30,16,17,21,0,6,7,6,30,16,17,21,0,15,1,0,-2.3193359374999996,2.1972656249999996,-2.3752142857142857,2.2974693877551022,4.516601562499999,4.672683673469388,2.3193359374999996,2.3752142857142857,13.0,13.0
90,0,31,6,7,0,33,16,17,21,0,6,7,6,33,16,17,21,6,12,1,0,-2.3193359374999996,2.1972656249999996,-2.4102222222222225,2.3694857142857146,4.516601562499999,4.779707936507937,2.3193359374999996,2.4102222222222225,13.0,12.0
3,0,30,6,7,3,30,16,17,27,3,6,7,6,30,16,17,27,6,15,1,0,-2.3193359374999996,2.1972656249999996,-2.3752142857142857,2.3629387755102043,4.516601562499999,4.73815306122449,2.3193359374999996,2.3752142857142857,13.0,13.0
116,0,34,6,7,15,33,16,17,30,0,6,7,18,33,16,17,30,0,21,1,0,-2.4414062499999996,2.3193359374999996,-2.415314285714286,2.300742857142857,4.760742187499999,4.716057142857143,2.4414062499999996,2.415314285714286,12.0,12.0
76,0,36,6,7,6,24,16,17,18,6,6,7,6,24,16,17,18,6,12,0,0,-2.1972656249999996,2.3193359374999996,-2.384761904761905,2.346571428571429,4.516601562499999,4.731333333333334,2.3193359374999996,2.384761904761905,13.0,13.0
120,0,32,6,7,12,33,16,17,33,0,6,7,12,33,16,17,33,0,15,0,0,-2.4414062499999996,2.3193359374999996,-2.4284081632653063,2.356987012987013,4.760742187499999,4.785395176252319,2.4414062499999996,2.4284081632653063,12.0,12.0
15,0,28,6,7,0,15,16,17,27,0,6,7,9,15,16,17,27,0,12,0,1,-2.3193359374999996,2.3193359374999996,-2.346571428571429,2.3593015873015877,4.638671874999999,4.705873015873017,2.3193359374999996,2.3593015873015877,13.0,13.0
20,0,33,6,7,3,30,16,17,18,0,6,7,3,30,16,17,18,0,15,0,0,-2.3193359374999996,2.0751953124999996,-2.3593015873015877,2.2701904761904763,4.394531249999999,4.629492063492064,2.3193359374999996,2.3593015873015877,13.0,13.0
6,0,26,6,7,0,24,16,17,15,0,6,7,3,24,16,17,15,0,15,1,0,-2.1972656249999996,2.0751953124999996,-2.3302040816326532,2.232,4.272460937499999,4.562204081632654,2.1972656249999996,2.3302040816326532,14.0,13.0
94,0,26,6,7,0,33,16,17,24,0,6,7,0,33,16,17,24,3,18,1,0,-2.3193359374999996,2.1972656249999996,-2.3361558441558445,2.2974693877551022,4.516601562499999,4.633625231910947,2.3193359374999996,2.3361558441558445,13.0,13.0
37,0,33,6,7,0,30,16,17,27,0,6,7,3,30,16,17,27,0,18,1,0,-2.3193359374999996,2.3193359374999996,-2.33384126984127,2.3083809523809524,4.638671874999999,4.642222222222222,2.3193359374999996,2.33384126984127,13.0,13.0
33,0,34,6,7,6,33,16,17,18,0,6,7,6,33,16,17,18,0,18,0,0,-2.3193359374999996,2.1972656249999996,-2.3593015873015877,2.232,4.516601562499999,4.591301587301588,2.3193359374999996,2.3593015873015877,13.0,13.0
104,0,33,6,7,0,30,16,17,21,0,6,7,9,30,16,17,21,3,12,1,1,-2.3193359374999996,2.3193359374999996,-2.4284081632653063,2.346571428571429,4.638671874999999,4.774979591836735,2.3193359374999996,2.4284081632653063,13.0,12.0
22,0,29,6,7,6,24,15,16,15,0,6,7,9,24,15,16,15,0,15,1,0,-2.1972656249999996,2.0751953124999996,-2.3694857142857146,2.1754285714285713,4.272460937499999,4.544914285714286,2.1972656249999996,2.3694857142857146,14.0,13.0
69,0,29,6,7,6,27,16,17,18,0,6,7,6,27,16,17,18,0,15,0,0,-2.3193359374999996,2.0751953124999996,-2.3629387755102043,2.2701904761904763,4.394531249999999,4.63312925170068,2.3193359374999996,2.3629387755102043,13.0,13.0
120,0,33,6,7,6,30,16,17,27,6,6,7,9,33,16,17,27,6,18,1,0,-2.3193359374999996,2.1972656249999996,-2.3752142857142857,2.3302040816326532,4.516601562499999,4.7054183673469385,2.3193359374999996,2.3752142857142857,13.0,13.0
98,0,32,6,7,6,36,16,17,27,0,6,7,9,36,16,17,27,0,18,1,0,-2.3193359374999996,2.3193359374999996,-2.384761904761905,2.3083809523809524,4.638671874999999,4.693142857142858,2.3193359374999996,2.384761904761905,13.0,13.0
36,0,25,6,7,0,27,16,17,27,0,6,7,6,27,16,17,27,0,15,1,0,-2.1972656249999996,2.3193359374999996,-2.3629387755102043,2.33384126984127,4.516601562499999,4.696780045351474,2.3193359374999996,2.3629387755102043,13.0,13.0
101,0,30,6,7,0,27,16,17,24,0,6,7,3,27,16,17,24,0,15,1,0,-2.3193359374999996,2.3193359374999996,-2.346571428571429,2.317928571428572,4.638671874999999,4.6645,2.3193359374999996,2.346571428571429,13.0,13.0
8,0,36,6,7,15,33,16,17,33,6,6,7,15,33,16,17,33,9,18,1,0,-2.4414062499999996,2.3193359374999996,-2.422952380952381,2.3752142857142857,4.760742187499999,4.798166666666667,2.4414062499999996,2.422952380952381,12.0,12.0
26,0,35,6,7,9,27,16,17,24,12,6,7,12,27,16,17,24,12,15,1,0,-2.3193359374999996,2.3193359374999996,-2.415314285714286,2.403857142857143,4.638671874999999,4.819171428571429,2.3193359374999996,2.415314285714286,13.0,12.0
101,0,27,6,7,0,24,15,16,21,12,6,7,3,24,15,16,24,12,15,1,0,-2.3193359374999996,2.1972656249999996,-2.3302040816326532,2.217857142857143,4.516601562499999,4.548061224489796,2.3193359374999996,2.3302040816326532,13.0,13.0
81,0,25,6,7,0,21,16,17,27,0,6,7,3,21,16,17,27,3,15,1,0,-2.3193359374999996,2.3193359374999996,-2.3083809523809524,2.346571428571429,4.638671874999999,4.654952380952381,2.3193359374999996,2.346571428571429,13.0,13.0
32,0,29,6,7,0,33,16,17,12,0,6,7,0,33,16,17,12,3,12,1,0,-2.3193359374999996,2.3193359374999996,-2.377818181818182,2.232,4.638671874999999,4.6098181818181825,2.3193359374999996,2.377818181818182,13.0,13.0
45,0,27,6,7,0,27,16,17,21,0,6,7,6,27,16,17,21,6,15,1,0,-2.3193359374999996,2.3193359374999996,-2.3629387755102043,2.323657142857143,4.638671874999999,4.686595918367347,2.3193359374999996,2.3629387755102043,13.0,13.0
117,0,30,6,7,3,27,16,17,18,0,6,7,6,30,16,17,18,3,18,1,0,-2.3193359374999996,2.3193359374999996,-2.346571428571429,2.232,4.638671874999999,4.578571428571429,2.3193359374999996,2.346571428571429,13.0,13.0
43,0,29,6,7,0,21,16,17,33,0,6,7,6,21,16,17,33,0,15,1,0,-2.1972656249999996,2.3193359374999996,-2.323657142857143,2.356987012987013,4.516601562499999,4.680644155844156,2.3193359374999996,2.356987012987013,13.0,13.0
45,0,34,6,7,9,27,16,17,21,0,6,7,12,27,16,17,21,3,18,1,0,-2.3193359374999996,2.1972656249999996,-2.3694857142857146,2.2701904761904763,4.516601562499999,4.639676190476191,2.3193359374999996,2.3694857142857146,13.0,13.0
50,0,28,6,7,0,30,16,17,27,0,6,7,3,30,16,17,27,0,15,1,0,-2.3193359374999996,2.1972656249999996,-2.3593015873015877,2.33384126984127,4.516601562499999,4.693142857142858,2.3193359374999996,2.3593015873015877,13.0,13.0
68,0,31,6,7,0,30,16,17,24,0,6,7,6,30,16,17,24,0,15,1,0,-2.3193359374999996,2.1972656249999996,-2.3752142857142857,2.317928571428572,4.516601562499999,4.693142857142858,2.3193359374999996,2.3752142857142857,13.0,13.0
41,0,35,6,7,6,27,16,17,33,9,6,7,6,27,16,17,33,12,18,1,0,-2.3193359374999996,2.3193359374999996,-2.3302040816326532,2.3956734693877553,4.638671874999999,4.7258775510204085,2.3193359374999996,2.3956734693877553,13.0,13.0
34,0,35,6,7,0,36,16,17,24,6,6,7,3,36,16,17,24,9,15,1,0,-2.3193359374999996,2.3193359374999996,-2.377818181818182,2.3694857142857146,4.638671874999999,4.7473038961038965,2.3193359374999996,2.377818181818182,13.0,13.0
117,0,25,6,7,9,30,16,17,21,0,5,6,0,12,16,17,21,0,9,1,0,-2.3193359374999996,2.1972656249999996,-2.532571428571429,2.3629387755102043,4.516601562499999,4.895510204081633,2.3193359374999996,2.532571428571429,13.0,12.0
94,0,28,6,7,0,27,16,17,21,0,6,7,3,27,16,17,24,0,15,1,0,-2.3193359374999996,2.1972656249999996,-2.346571428571429,2.317928571428572,4.516601562499999,4.6645,2.3193359374999996,2.346571428571429,13.0,13.0
66,0,28,6,7,0,27,16,17,27,0,6,7,0,27,16,17,27,0,18,0,0,-2.1972656249999996,2.3193359374999996,-2.3083809523809524,2.3083809523809524,4.516601562499999,4.616761904761905,2.3193359374999996,2.3083809523809524,13.0,13.0
79,0,33,6,7,0,33,16,17,30,0,6,7,6,33,16,17,30,0,15,1,0,-2.3193359374999996,2.3193359374999996,-2.384761904761905,2.346571428571429,4.638671874999999,4.731333333333334,2.3193359374999996,2.384761904761905,13.0,13.0
63,0,36,5,6,0,18,16,17,27,6,5,6,0,18,16,17,27,6,15,0,0,-2.4414062499999996,2.1972656249999996,-2.5087619047619047,2.3629387755102043,4.638671874999999,4.8717006802721095,2.4414062499999996,2.5087619047619047,12.0,12.0
23,0,25,6,7,0,18,16,17,21,0,6,7,0,18,16,17,21,0,15,0,0,-2.3193359374999996,2.1972656249999996,-2.2701904761904763,2.2974693877551022,4.516601562499999,4.567659863945579,2.3193359374999996,2.2974693877551022,13.0,13.0
60,0,27,6,7,0,27,16,17,24,0,6,7,0,27,16,17,24,0,15,0,0,-2.3193359374999996,2.3193359374999996,-2.33384126984127,2.317928571428572,4.638671874999999,4.651769841269841,2.3193359374999996,2.33384126984127,13.0,13.0
6,0,30,6,7,6,30,16,17,27,0,6,7,6,30,16,17,27,0,15,0,0,-2.3193359374999996,2.3193359374999996,-2.3752142857142857,2.33384126984127,4.638671874999999,4.7090555555555556,2.3193359374999996,2.3752142857142857,13.0,13.0
27,0,27,7,8,12,27,16,17,18,0,7,8,12,27,16,17,21,0,18,1,0,-2.1972656249999996,2.1972656249999996,-2.2093714285714285,2.264734693877551,4.394531249999999,4.47410612244898,2.1972656249999996,2.264734693877551,14.0,13.0
35,0,28,6,7,0,27,16,17,27,0,6,7,6,27,16,17,27,0,15,1,0,-2.1972656249999996,2.1972656249999996,-2.3629387755102043,2.33384126984127,4.394531249999999,4.696780045351474,2.1972656249999996,2.3629387755102043,14.0,13.0
94,0,25,7,8,9,18,16,17,18,0,6,7,9,12,16,17,18,0,9,1,0,-2.3193359374999996,2.1972656249999996,-2.4611428571428573,2.346571428571429,4.516601562499999,4.807714285714287,2.3193359374999996,2.4611428571428573,13.0,12.0
116,0,29,6,7,6,33,16,17,24,3,6,7,12,33,16,17,27,3,12,1,0,-2.3193359374999996,2.1972656249999996,-2.4611428571428573,2.3752142857142857,4.516601562499999,4.836357142857143,2.3193359374999996,2.4611428571428573,13.0,12.0
51,0,34,6,7,15,30,16,17,30,0,6,7,15,30,16,17,30,0,15,0,0,-2.3193359374999996,2.1972656249999996,-2.4611428571428573,2.346571428571429,4.516601562499999,4.807714285714287,2.3193359374999996,2.4611428571428573,13.0,12.0
71,0,35,6,7,9,33,16,17,21,0,6,7,9,33,16,17,21,0,15,0,0,-2.3193359374999996,2.1972656249999996,-2.403857142857143,2.2974693877551022,4.516601562499999,4.701326530612246,2.3193359374999996,2.403857142857143,13.0,12.0
93,0,29,6,7,3,27,16,17,24,0,6,7,9,27,16,17,21,0,12,1,0,-2.3193359374999996,2.3193359374999996,-2.422952380952381,2.3302040816326532,4.638671874999999,4.753156462585034,2.3193359374999996,2.422952380952381,13.0,12.0
47,0,29,6,7,0,27,16,17,27,0,6,7,0,27,16,17,27,0,18,0,0,-2.1972656249999996,2.3193359374999996,-2.3083809523809524,2.3083809523809524,4.516601562499999,4.616761904761905,2.3193359374999996,2.3083809523809524,13.0,13.0
28,0,31,6,7,0,36,15,16,24,15,6,7,3,36,15,16,24,15,18,1,0,-2.3193359374999996,2.1972656249999996,-2.356987012987013,2.213142857142857,4.516601562499999,4.57012987012987,2.3193359374999996,2.356987012987013,13.0,13.0
125,0,34,5,6,0,18,16,17,30,0,5,6,3,18,16,17,30,3,15,1,0,-2.4414062499999996,2.3193359374999996,-2.5182857142857142,2.3593015873015877,4.760742187499999,4.877587301587302,2.4414062499999996,2.5182857142857142,12.0,12.0
66,0,25,6,7,0,33,16,17,27,0,6,7,0,33,16,17,27,3,15,1,0,-2.3193359374999996,2.3193359374999996,-2.356987012987013,2.346571428571429,4.638671874999999,4.703558441558442,2.3193359374999996,2.356987012987013,13.0,13.0
26,0,28,6,7,0,33,15,16,21,12,6,7,3,33,15,16,21,12,15,1,0,-2.3193359374999996,2.0751953124999996,-2.3694857142857146,2.213142857142857,4.394531249999999,4.582628571428572,2.3193359374999996,2.3694857142857146,13.0,13.0
105,0,25,6,7,9,27,16,17,21,0,6,7,12,27,16,17,21,0,12,1,0,-2.3193359374999996,2.1972656249999996,-2.4611428571428573,2.3302040816326532,4.516601562499999,4.7913469387755105,2.3193359374999996,2.4611428571428573,13.0,12.0
46,0,31,6,7,0,33,16,17,18,0,6,7,0,33,16,17,18,0,15,0,0,-2.3193359374999996,2.1972656249999996,-2.356987012987013,2.2701904761904763,4.516601562499999,4.627177489177489,2.3193359374999996,2.356987012987013,13.0,13.0
27,0,30,6,7,0,30,16,17,30,0,6,7,0,30,16,17,30,3,15,1,0,-2.3193359374999996,2.3193359374999996,-2.346571428571429,2.3593015873015877,4.638671874999999,4.705873015873017,2.3193359374999996,2.3593015873015877,13.0,13.0
63,0,29,6,7,3,33,16,17,21,0,6,7,6,33,16,17,21,0,15,1,0,-2.3193359374999996,2.1972656249999996,-2.384761904761905,2.2974693877551022,4.516601562499999,4.682231292517008,2.3193359374999996,2.384761904761905,13.0,13.0
119,0,31,6,7,0,33,16,17,18,6,6,7,0,33,16,17,18,9,15,1,0,-2.3193359374999996,2.1972656249999996,-2.356987012987013,2.3083809523809524,4.516601562499999,4.665367965367965,2.3193359374999996,2.356987012987013,13.0,13.0
113,0,36,5,6,0,21,16,17,30,0,5,6,0,21,16,17,30,0,15,0,0,-2.4414062499999996,2.3193359374999996,-2.542775510204082,2.346571428571429,4.760742187499999,4.88934693877551,2.4414062499999996,2.542775510204082,12.0,12.0
17,0,34,6,7,15,36,16,17,33,0,6,7,15,36,16,17,33,0,15,0,0,-2.4414062499999996,2.3193359374999996,-2.4611428571428573,2.356987012987013,4.760742187499999,4.81812987012987,2.4414062499999996,2.4611428571428573,12.0,12.0
124,0,29,6,7,9,30,16,17,18,0,6,7,12,30,16,17,18,0,15,1,0,-2.3193359374999996,2.0751953124999996,-2.422952380952381,2.2701904761904763,4.394531249999999,4.693142857142858,2.3193359374999996,2.422952380952381,13.0,12.0
107,0,34,6,7,15,33,16,17,27,0,6,7,15,33,16,17,27,3,18,1,0,-2.4414062499999996,2.3193359374999996,-2.422952380952381,2.317928571428572,4.760742187499999,4.740880952380953,2.4414062499999996,2.422952380952381,12.0,12.0
28,0,33,6,7,0,30,16,17,30,3,6,7,0,30,16,17,30,0,18,1,0,-2.3193359374999996,2.3193359374999996,-2.323657142857143,2.323657142857143,4.638671874999999,4.647314285714286,2.3193359374999996,2.323657142857143,13.0,13.0
113,0,29,6,7,6,39,16,17,27,0,6,7,6,39,16,17,27,0,15,0,0,-2.3193359374999996,2.3193359374999996,-2.3986493506493507,2.33384126984127,4.638671874999999,4.732490620490621,2.3193359374999996,2.3986493506493507,13.0,13.0
124,0,32,6,7,12,30,16,17,30,0,5,6,0,15,16,17,30,0,12,1,0,-2.4414062499999996,2.3193359374999996,-2.5182857142857142,2.3694857142857146,4.760742187499999,4.887771428571429,2.4414062499999996,2.5182857142857142,12.0,12.0
71,0,35,6,7,9,33,16,17,21,0,6,7,9,33,16,17,21,0,15,0,0,-2.3193359374999996,2.1972656249999996,-2.403857142857143,2.2974693877551022,4.516601562499999,4.701326530612246,2.3193359374999996,2.403857142857143,13.0,12.0
47,0,29,6,7,0,27,16,17,27,0,6,7,0,27,16,17,27,0,18,0,0,-2.1972656249999996,2.3193359374999996,-2.3083809523809524,2.3083809523809524,4.516601562499999,4.616761904761905,2.3193359374999996,2.3083809523809524,13.0,13.0
97,0,36,6,7,18,36,16,17,27,0,5,6,0,21,16,17,30,0,18,1,0,-2.4414062499999996,2.1972656249999996,-2.5019591836734696,2.323657142857143,4.638671874999999,4.8256163265306125,2.4414062499999996,2.5019591836734696,12.0,12.0
55,0,33,6,7,3,36,16,17,18,6,6,7,9,36,16,17,21,6,15,1,0,-2.3193359374999996,2.1972656249999996,-2.4102222222222225,2.323657142857143,4.516601562499999,4.733879365079366,2.3193359374999996,2.4102222222222225,13.0,12.0
52,0,36,6,7,21,36,16,17,30,3,6,7,21,36,16,17,30,6,21,1,0,-2.4414062499999996,2.3193359374999996,-2.4611428571428573,2.317928571428572,4.760742187499999,4.779071428571429,2.4414062499999996,2.4611428571428573,12.0,12.0
52,0,27,6,7,6,33,16,17,21,0,6,7,6,33,16,17,21,3,15,1,0,-2.3193359374999996,2.3193359374999996,-2.384761904761905,2.3083809523809524,4.638671874999999,4.693142857142858,2.3193359374999996,2.384761904761905,13.0,13.0
97,0,36,6,7,18,36,16,17,27,0,5,6,0,21,16,17,30,0,18,1,0,-2.4414062499999996,2.1972656249999996,-2.5019591836734696,2.323657142857143,4.638671874999999,4.8256163265306125,2.4414062499999996,2.5019591836734696,12.0,12.0
12,0,31,6,7,9,21,16,17,24,6,6,7,9,21,16,17,24,9,18,1,0,-2.3193359374999996,2.3193359374999996,-2.2892857142857146,2.323657142857143,4.638671874999999,4.6129428571428575,2.3193359374999996,2.323657142857143,13.0,13.0
100,0,25,6,7,3,30,16,17,21,0,6,7,9,30,16,17,21,0,15,1,0,-2.3193359374999996,2.1972656249999996,-2.3956734693877553,2.2974693877551022,4.516601562499999,4.693142857142858,2.3193359374999996,2.3956734693877553,13.0,13.0
16,0,32,6,7,12,33,16,17,24,0,6,7,15,33,16,17,27,6,21,1,0,-2.3193359374999996,2.1972656249999996,-2.384761904761905,2.2974693877551022,4.516601562499999,4.682231292517008,2.3193359374999996,2.384761904761905,13.0,13.0
92,0,31,6,7,12,33,16,17,18,0,6,7,12,33,16,17,18,6,15,1,0,-2.4414062499999996,2.3193359374999996,-2.4284081632653063,2.2892857142857146,4.760742187499999,4.717693877551021,2.4414062499999996,2.4284081632653063,12.0,12.0
125,0,25,6,7,6,30,16,17,21,0,6,7,9,30,16,17,21,3,18,1,0,-2.3193359374999996,2.1972656249999996,-2.3629387755102043,2.2701904761904763,4.516601562499999,4.63312925170068,2.3193359374999996,2.3629387755102043,13.0,13.0
77,0,25,6,7,0,24,16,17,15,0,6,7,6,24,16,17,18,0,15,1,0,-2.3193359374999996,2.1972656249999996,-2.346571428571429,2.2701904761904763,4.516601562499999,4.616761904761905,2.3193359374999996,2.346571428571429,13.0,13.0
24,0,27,6,7,3,30,16,17,21,0,6,7,9,30,16,17,24,0,15,1,0,-2.1972656249999996,2.1972656249999996,-2.3956734693877553,2.317928571428572,4.394531249999999,4.713602040816327,2.1972656249999996,2.3956734693877553,14.0,13.0
95,0,32,6,7,6,30,16,17,18,0,6,7,9,30,16,17,18,0,18,1,0,-2.3193359374999996,2.1972656249999996,-2.3629387755102043,2.232,4.516601562499999,4.5949387755102045,2.3193359374999996,2.3629387755102043,13.0,13.0
93,0,32,6,7,9,30,15,16,18,12,6,7,12,30,15,16,18,12,15,1,0,-2.3193359374999996,2.1972656249999996,-2.422952380952381,2.2037142857142857,4.516601562499999,4.626666666666667,2.3193359374999996,2.422952380952381,13.0,12.0
